run_id,source_key,run_type,status,rows_affected,error_message,started_at,completed_at,duration_seconds
1274,commercial_institutional,fetch,success,219.0,,2026-03-11 06:57:48.033333,2026-03-11 06:57:51.260000,3
1273,residential_pie_charts,fetch,success,432.0,,2026-03-11 06:57:43.210000,2026-03-11 06:57:48.030000,5
1272,residential_daily_lives,fetch,success,99.0,,2026-03-11 06:57:40.103333,2026-03-11 06:57:43.206666,3
1271,seu_by_fuel,fetch,success,11.0,,2026-03-11 06:57:39.993333,2026-03-11 06:57:40.100000,1
1270,energy_use,fetch,success,9.0,,2026-03-11 06:57:34.550000,2026-03-11 06:57:39.986666,5
1269,commercial_institutional,fetch,success,219.0,,2026-03-10 07:16:05.883333,2026-03-10 07:16:10.086666,5
1268,residential_pie_charts,fetch,success,432.0,,2026-03-10 07:15:58.920000,2026-03-10 07:16:05.880000,7
1267,residential_daily_lives,fetch,success,99.0,,2026-03-10 07:15:54.900000,2026-03-10 07:15:58.920000,4
1266,seu_by_fuel,fetch,success,11.0,,2026-03-10 07:15:54.800000,2026-03-10 07:15:54.896666,0
1265,energy_use,fetch,success,9.0,,2026-03-10 07:15:49.240000,2026-03-10 07:15:54.796666,5
1264,commercial_institutional,fetch,success,219.0,,2026-03-10 07:04:10.080000,2026-03-10 07:04:13.886666,3
1263,residential_pie_charts,fetch,success,432.0,,2026-03-10 07:04:03.466666,2026-03-10 07:04:10.076666,7
1262,residential_daily_lives,fetch,success,99.0,,2026-03-10 07:03:59.770000,2026-03-10 07:04:03.463333,4
1261,seu_by_fuel,fetch,success,11.0,,2026-03-10 07:03:59.663333,2026-03-10 07:03:59.766666,0
1260,energy_use,fetch,success,9.0,,2026-03-10 07:03:54.893333,2026-03-10 07:03:59.660000,5
1259,commercial_institutional,fetch,success,219.0,,2026-03-10 07:02:44.583333,2026-03-10 07:02:48.090000,4
1258,commercial_institutional,fetch,success,219.0,,2026-03-10 07:00:47.923333,2026-03-10 07:00:54.686666,7
1257,residential_pie_charts,fetch,success,432.0,,2026-03-09 08:06:01.780000,2026-03-09 08:06:06.400000,5
1256,residential_daily_lives,fetch,success,99.0,,2026-03-09 08:05:58.786666,2026-03-09 08:06:01.780000,3
1255,seu_by_fuel,fetch,success,11.0,,2026-03-09 08:05:58.686666,2026-03-09 08:05:58.783333,0
1254,energy_use,fetch,success,9.0,,2026-03-09 08:05:54.170000,2026-03-09 08:05:58.683333,4
1253,residential_pie_charts,fetch,success,360.0,,2026-03-09 07:44:05.703333,2026-03-09 07:44:10.303333,5
1252,residential_daily_lives,fetch,success,99.0,,2026-03-09 07:44:02.743333,2026-03-09 07:44:05.700000,3
1251,seu_by_fuel,fetch,success,11.0,,2026-03-09 07:44:02.646666,2026-03-09 07:44:02.740000,0
1250,energy_use,fetch,success,9.0,,2026-03-09 07:43:58.833333,2026-03-09 07:44:02.643333,4
1249,residential_pie_charts,fetch,success,360.0,,2026-03-09 07:34:22.306666,2026-03-09 07:34:26.830000,4
1248,residential_daily_lives,fetch,success,99.0,,2026-03-09 07:34:19.220000,2026-03-09 07:34:22.303333,3
1247,seu_by_fuel,fetch,success,11.0,,2026-03-09 07:34:19.123333,2026-03-09 07:34:19.216666,0
1246,energy_use,fetch,success,9.0,,2026-03-09 07:34:15.360000,2026-03-09 07:34:19.120000,4
1245,residential_pie_charts,fetch,success,312.0,,2026-03-09 07:08:27.880000,2026-03-09 07:08:34.770000,7
1244,residential_daily_lives,fetch,success,99.0,,2026-03-09 07:08:23.213333,2026-03-09 07:08:27.870000,4
1243,seu_by_fuel,fetch,success,11.0,,2026-03-09 07:08:23.093333,2026-03-09 07:08:23.210000,0
1242,energy_use,fetch,success,9.0,,2026-03-09 07:08:17.080000,2026-03-09 07:08:23.090000,6
1241,residential_daily_lives,fetch,success,99.0,,2026-03-09 06:04:30.000000,2026-03-09 06:04:33.433333,3
1240,seu_by_fuel,fetch,success,11.0,,2026-03-09 06:04:29.863333,2026-03-09 06:04:29.993333,0
1239,energy_use,fetch,success,9.0,,2026-03-09 06:04:24.293333,2026-03-09 06:04:29.860000,5
1238,residential_daily_lives,fetch,success,99.0,,2026-03-09 02:00:18.406666,2026-03-09 02:00:21.406666,3
1237,seu_by_fuel,fetch,success,11.0,,2026-03-09 02:00:18.300000,2026-03-09 02:00:18.403333,0
1236,energy_use,fetch,success,9.0,,2026-03-09 02:00:14.436666,2026-03-09 02:00:18.296666,4
1235,residential_daily_lives,fetch,success,99.0,,2026-03-09 01:54:52.063333,2026-03-09 01:54:55.150000,3
1234,seu_by_fuel,fetch,success,11.0,,2026-03-09 01:54:51.966666,2026-03-09 01:54:52.060000,1
1233,energy_use,fetch,success,9.0,,2026-03-09 01:54:47.566666,2026-03-09 01:54:51.963333,4
1232,residential_daily_lives,fetch,success,99.0,,2026-03-09 01:30:47.460000,2026-03-09 01:30:50.546666,3
1231,seu_by_fuel,fetch,success,11.0,,2026-03-09 01:30:47.343333,2026-03-09 01:30:47.456666,0
1230,energy_use,fetch,success,9.0,,2026-03-09 01:30:43.070000,2026-03-09 01:30:47.340000,4
1229,residential_daily_lives,fetch,success,99.0,,2026-03-09 01:12:59.813333,2026-03-09 01:13:03.013333,4
1228,seu_by_fuel,fetch,success,11.0,,2026-03-09 01:12:59.713333,2026-03-09 01:12:59.813333,0
1227,energy_use,fetch,success,9.0,,2026-03-09 01:12:55.800000,2026-03-09 01:12:59.710000,4
1226,residential_daily_lives,fetch,success,99.0,,2026-03-09 01:10:19.786666,2026-03-09 01:10:23.340000,4
1225,residential_daily_lives,fetch,success,3.0,,2026-03-09 01:07:32.056666,2026-03-09 01:07:33.296666,1
1224,residential_daily_lives,fetch,success,3.0,,2026-03-09 01:00:08.140000,2026-03-09 01:00:08.230000,0
1223,seu_by_fuel,fetch,success,11.0,,2026-03-09 01:00:08.020000,2026-03-09 01:00:08.136666,0
1222,energy_use,fetch,success,9.0,,2026-03-09 01:00:04.216666,2026-03-09 01:00:08.016666,4
1221,residential_daily_lives,fetch,success,3.0,,2026-03-09 00:47:15.786666,2026-03-09 00:47:15.883333,0
1220,seu_by_fuel,fetch,success,11.0,,2026-03-09 00:47:15.623333,2026-03-09 00:47:15.783333,0
1219,energy_use,fetch,success,9.0,,2026-03-09 00:47:08.210000,2026-03-09 00:47:15.606666,7
1218,residential_daily_lives,fetch,success,3.0,,2026-03-08 08:25:44.983333,2026-03-08 08:25:45.090000,1
1217,seu_by_fuel,fetch,success,11.0,,2026-03-08 08:25:44.736666,2026-03-08 08:25:44.980000,0
1216,energy_use,fetch,success,9.0,,2026-03-08 08:25:39.176666,2026-03-08 08:25:44.733333,5
1215,seu_by_fuel,fetch,success,11.0,,2026-03-08 04:40:12.700000,2026-03-08 04:40:13.050000,1
1214,seu_by_fuel,fetch,failed,,'Config' object has no attribute 'project_root',2026-03-08 04:38:22.920000,2026-03-08 04:38:22.923333,0
1213,seu_by_fuel,fetch,failed,,'Config' object has no attribute 'project_root',2026-03-08 04:38:06.126666,2026-03-08 04:38:06.133333,0
1212,energy_use,fetch,success,9.0,,2026-03-08 04:38:01.976666,2026-03-08 04:38:06.123333,5
1211,energy_use,fetch,success,9.0,,2026-03-06 07:10:17.633333,2026-03-06 07:10:22.080000,5
1210,energy_use,fetch,success,9.0,,2026-03-05 08:39:26.223333,2026-03-05 08:39:30.040000,4
1209,energy_use,fetch,success,9.0,,2026-03-05 08:33:46.860000,2026-03-05 08:33:51.853333,5
1208,energy_use,fetch,success,9.0,,2026-03-05 08:19:56.940000,2026-03-05 08:20:00.836666,4
1207,energy_use,fetch,success,9.0,,2026-03-05 08:16:53.463333,2026-03-05 08:16:57.810000,4
1206,energy_use,fetch,success,9.0,,2026-03-05 08:10:41.320000,2026-03-05 08:10:45.373333,4
1205,energy_use,fetch,success,9.0,,2026-03-05 07:30:10.123333,2026-03-05 07:30:14.460000,4
1204,energy_use,fetch,success,0.0,,2026-03-05 07:23:21.680000,2026-03-05 07:23:24.976666,3
1203,energy_use,fetch,success,0.0,,2026-03-05 07:20:44.603333,2026-03-05 07:20:47.746666,3
1202,energy_use,fetch,success,0.0,,2026-03-05 07:17:17.376666,2026-03-05 07:17:20.473333,3
1201,energy_use,fetch,success,0.0,,2026-03-05 07:13:52.540000,2026-03-05 07:13:55.493333,3
1200,energy_use,fetch,success,0.0,,2026-03-05 06:51:24.063333,2026-03-05 06:51:24.076666,0
1199,environmental_clean_tech,fetch,success,91.0,,2026-03-05 06:03:24.393333,2026-03-05 06:03:40.196666,16
1198,major_projects_map,fetch,success,464.0,,2026-03-05 06:03:17.730000,2026-03-05 06:03:24.390000,7
1197,clean_tech,fetch,success,93.0,,2026-03-05 06:03:16.946666,2026-03-05 06:03:17.730000,1
1196,major_projects,fetch,success,32.0,,2026-03-05 06:03:15.490000,2026-03-05 06:03:16.946666,1
1195,environmental_protection,fetch,success,96.0,,2026-03-05 06:03:12.913333,2026-03-05 06:03:15.486666,3
1194,foreign_control,fetch,success,42.0,,2026-03-05 06:03:10.300000,2026-03-05 06:03:12.913333,2
1193,international_investment,fetch,success,72.0,,2026-03-05 06:03:07.533333,2026-03-05 06:03:10.296666,3
1192,investment_by_asset,fetch,success,256.0,,2026-03-05 06:02:37.603333,2026-03-05 06:03:07.530000,30
1191,infrastructure,fetch,success,360.0,,2026-03-05 06:02:26.853333,2026-03-05 06:02:37.600000,11
1190,capital_expenditures,fetch,success,220.0,,2026-03-05 06:02:25.976666,2026-03-05 06:02:26.853333,1
1189,ghg_emissions,fetch,success,168.0,,2026-03-05 06:02:25.763333,2026-03-05 06:02:25.973333,0
1188,canadian_energy_assets,fetch,success,120.0,,2026-03-05 06:02:25.220000,2026-03-05 06:02:25.760000,0
1187,world_energy_production,fetch,success,595.0,,2026-03-05 06:02:19.186666,2026-03-05 06:02:25.216666,6
1186,provincial_gdp,fetch,success,224.0,,2026-03-05 06:02:16.373333,2026-03-05 06:02:19.183333,3
1185,nominal_gdp,fetch,success,60.0,,2026-03-05 06:02:14.470000,2026-03-05 06:02:16.370000,2
1184,economic_contributions,fetch,success,144.0,,2026-03-05 06:02:03.103333,2026-03-05 06:02:14.463333,11
1183,ghg_emissions,fetch,success,168.0,,2026-03-02 09:51:11.383333,2026-03-02 09:51:11.853333,0
1182,ghg_emissions,fetch,success,168.0,,2026-03-02 09:48:50.773333,2026-03-02 09:48:51.563333,1
1181,environmental_clean_tech,fetch,success,91.0,,2026-03-02 08:17:51.180000,2026-03-02 08:18:02.980000,11
1180,environmental_clean_tech,fetch,success,91.0,,2026-03-02 08:15:15.360000,2026-03-02 08:15:26.540000,11
1179,environmental_clean_tech,fetch,success,91.0,,2026-03-02 08:14:58.600000,2026-03-02 08:15:09.706666,11
1178,environmental_clean_tech,fetch,success,91.0,,2026-03-02 08:14:37.226666,2026-03-02 08:14:48.706666,11
1177,environmental_clean_tech,fetch,success,165.0,,2026-03-02 08:06:12.910000,2026-03-02 08:06:27.993333,15
1176,environmental_clean_tech,fetch,success,146.0,,2026-03-02 08:05:32.470000,2026-03-02 08:06:08.420000,36
1175,environmental_clean_tech,fetch,success,184.0,,2026-03-02 08:00:25.550000,2026-03-02 08:00:40.620000,15
1174,environmental_clean_tech,fetch,success,146.0,,2026-03-02 07:57:24.006666,2026-03-02 07:57:40.246666,16
1173,environmental_clean_tech,fetch,success,146.0,,2026-03-02 07:53:18.766666,2026-03-02 07:53:31.100000,13
1172,environmental_clean_tech,fetch,success,146.0,,2026-03-02 07:52:58.916666,2026-03-02 07:53:12.783333,14
1171,environmental_clean_tech,fetch,success,91.0,,2026-03-02 07:28:37.760000,2026-03-02 07:28:50.840000,13
1170,environmental_clean_tech,fetch,success,91.0,,2026-03-02 07:10:22.666666,2026-03-02 07:11:11.170000,49
1169,environmental_clean_tech,fetch,success,91.0,,2026-03-02 07:09:35.446666,2026-03-02 07:09:47.300000,12
1168,environmental_clean_tech,fetch,success,87.0,,2026-03-02 07:07:29.620000,2026-03-02 07:07:41.550000,12
1167,environmental_clean_tech,fetch,success,87.0,,2026-03-02 07:01:29.243333,2026-03-02 07:01:40.493333,11
1166,environmental_clean_tech,fetch,success,68.0,,2026-03-02 07:00:42.770000,2026-03-02 07:01:13.606666,31
1165,environmental_clean_tech,fetch,success,87.0,,2026-03-02 06:54:26.236666,2026-03-02 06:54:42.726666,16
1164,environmental_clean_tech,fetch,success,87.0,,2026-03-02 06:39:15.283333,2026-03-02 06:39:26.880000,11
1163,environmental_clean_tech,fetch,success,56.0,,2026-03-02 06:37:20.313333,2026-03-02 06:37:44.913333,24
1162,environmental_clean_tech,fetch,success,87.0,,2026-03-02 06:36:08.613333,2026-03-02 06:36:16.240000,8
1161,environmental_clean_tech,fetch,success,19.0,,2026-03-02 06:29:01.963333,2026-03-02 06:29:25.060000,24
1160,environmental_clean_tech,fetch,success,19.0,,2026-03-02 06:17:53.230000,2026-03-02 06:17:59.416666,6
1159,major_projects_map,fetch,success,464.0,,2026-03-02 06:17:46.733333,2026-03-02 06:17:53.223333,7
1158,clean_tech,fetch,success,93.0,,2026-03-02 06:17:45.900000,2026-03-02 06:17:46.730000,1
1157,major_projects,fetch,success,32.0,,2026-03-02 06:17:45.123333,2026-03-02 06:17:45.896666,0
1156,environmental_protection,fetch,success,96.0,,2026-03-02 06:17:42.436666,2026-03-02 06:17:45.120000,3
1155,foreign_control,fetch,success,42.0,,2026-03-02 06:17:39.640000,2026-03-02 06:17:42.433333,3
1154,international_investment,fetch,success,72.0,,2026-03-02 06:17:37.026666,2026-03-02 06:17:39.640000,2
1153,investment_by_asset,fetch,success,256.0,,2026-03-02 06:17:23.460000,2026-03-02 06:17:37.023333,14
1152,infrastructure,fetch,success,360.0,,2026-03-02 06:17:06.353333,2026-03-02 06:17:23.456666,17
1151,capital_expenditures,fetch,success,220.0,,2026-03-02 06:17:05.200000,2026-03-02 06:17:06.353333,1
1150,canadian_energy_assets,fetch,success,120.0,,2026-03-02 06:17:04.103333,2026-03-02 06:17:05.193333,1
1149,world_energy_production,fetch,success,595.0,,2026-03-02 06:16:53.680000,2026-03-02 06:17:04.100000,11
1148,provincial_gdp,fetch,success,224.0,,2026-03-02 06:16:50.180000,2026-03-02 06:16:53.676666,3
1147,nominal_gdp,fetch,success,60.0,,2026-03-02 06:16:47.500000,2026-03-02 06:16:50.176666,3
1146,economic_contributions,fetch,success,144.0,,2026-03-02 06:16:34.670000,2026-03-02 06:16:47.496666,13
1145,major_projects_map,fetch,success,464.0,,2026-03-02 05:40:55.390000,2026-03-02 05:40:57.973333,2
1144,clean_tech,fetch,success,93.0,,2026-03-02 05:40:54.346666,2026-03-02 05:40:55.386666,1
1143,major_projects,fetch,success,32.0,,2026-03-02 05:40:53.396666,2026-03-02 05:40:54.343333,1
1142,environmental_protection,fetch,success,96.0,,2026-03-02 05:40:50.573333,2026-03-02 05:40:53.393333,3
1141,foreign_control,fetch,success,42.0,,2026-03-02 05:40:47.826666,2026-03-02 05:40:50.570000,3
1140,international_investment,fetch,success,72.0,,2026-03-02 05:40:45.023333,2026-03-02 05:40:47.823333,2
1139,investment_by_asset,fetch,success,256.0,,2026-03-02 05:40:30.293333,2026-03-02 05:40:45.020000,15
1138,infrastructure,fetch,success,360.0,,2026-03-02 05:40:16.380000,2026-03-02 05:40:30.290000,14
1137,capital_expenditures,fetch,success,220.0,,2026-03-02 05:40:15.440000,2026-03-02 05:40:16.380000,1
1136,canadian_energy_assets,fetch,success,120.0,,2026-03-02 05:40:14.923333,2026-03-02 05:40:15.433333,1
1135,world_energy_production,fetch,success,595.0,,2026-03-02 05:40:10.676666,2026-03-02 05:40:14.920000,4
1134,provincial_gdp,fetch,success,224.0,,2026-03-02 05:40:07.683333,2026-03-02 05:40:10.670000,3
1133,nominal_gdp,fetch,success,60.0,,2026-03-02 05:40:05.880000,2026-03-02 05:40:07.680000,2
1132,economic_contributions,fetch,success,144.0,,2026-03-02 05:39:52.320000,2026-03-02 05:40:05.876666,13
190,major_projects_map,fetch,success,464.0,,2026-02-20 18:58:20.443333,2026-02-20 18:58:23.220000,3
189,clean_tech,fetch,success,93.0,,2026-02-20 18:58:19.720000,2026-02-20 18:58:20.440000,1
188,major_projects,fetch,success,32.0,,2026-02-20 18:58:18.983333,2026-02-20 18:58:19.716666,1
187,environmental_protection,fetch,success,126.0,,2026-02-20 18:58:18.163333,2026-02-20 18:58:18.980000,0
186,foreign_control,fetch,success,42.0,,2026-02-20 18:58:17.550000,2026-02-20 18:58:18.163333,1
185,international_investment,fetch,success,72.0,,2026-02-20 18:58:16.893333,2026-02-20 18:58:17.550000,1
184,investment_by_asset,fetch,success,256.0,,2026-02-20 18:58:16.080000,2026-02-20 18:58:16.890000,0
183,infrastructure,fetch,success,360.0,,2026-02-20 18:58:15.090000,2026-02-20 18:58:16.076666,1
182,capital_expenditures,fetch,success,209.0,,2026-02-20 18:58:14.240000,2026-02-20 18:58:15.086666,1
181,canadian_energy_assets,fetch,success,120.0,,2026-02-20 18:58:13.726666,2026-02-20 18:58:14.236666,1
180,world_energy_production,fetch,success,595.0,,2026-02-20 18:58:09.613333,2026-02-20 18:58:13.723333,4
179,provincial_gdp,fetch,success,224.0,,2026-02-20 18:58:08.900000,2026-02-20 18:58:09.610000,1
178,nominal_gdp,fetch,success,60.0,,2026-02-20 18:58:07.123333,2026-02-20 18:58:08.896666,1
177,economic_contributions,fetch,success,144.0,,2026-02-20 18:58:05.506666,2026-02-20 18:58:07.120000,2
176,major_projects_map,fetch,success,464.0,,2026-02-20 18:30:00.053333,2026-02-20 18:30:05.020000,5
175,clean_tech,fetch,success,93.0,,2026-02-20 18:29:59.010000,2026-02-20 18:30:00.053333,1
174,major_projects,fetch,success,32.0,,2026-02-20 18:29:58.076666,2026-02-20 18:29:59.006666,1
173,environmental_protection,fetch,success,126.0,,2026-02-20 18:29:57.053333,2026-02-20 18:29:58.073333,1
172,foreign_control,fetch,success,42.0,,2026-02-20 18:29:56.400000,2026-02-20 18:29:57.050000,1
171,international_investment,fetch,success,72.0,,2026-02-20 18:29:55.703333,2026-02-20 18:29:56.396666,1
170,investment_by_asset,fetch,success,256.0,,2026-02-20 18:29:54.866666,2026-02-20 18:29:55.700000,1
169,infrastructure,fetch,success,360.0,,2026-02-20 18:29:53.896666,2026-02-20 18:29:54.863333,1
168,capital_expenditures,fetch,success,209.0,,2026-02-20 18:29:53.083333,2026-02-20 18:29:53.893333,0
167,canadian_energy_assets,fetch,success,120.0,,2026-02-20 18:29:52.600000,2026-02-20 18:29:53.080000,1
166,world_energy_production,fetch,success,595.0,,2026-02-20 18:29:48.493333,2026-02-20 18:29:52.600000,4
165,provincial_gdp,fetch,success,224.0,,2026-02-20 18:29:47.756666,2026-02-20 18:29:48.490000,1
164,nominal_gdp,fetch,success,60.0,,2026-02-20 18:29:46.203333,2026-02-20 18:29:47.750000,1
163,economic_contributions,fetch,success,144.0,,2026-02-20 18:29:44.820000,2026-02-20 18:29:46.200000,2
162,major_projects_map,fetch,failed,,generator didn't stop after throw(),2026-02-20 18:27:59.310000,2026-02-20 18:28:04.576666,5
161,clean_tech,fetch,success,93.0,,2026-02-20 18:27:58.543333,2026-02-20 18:27:59.310000,1
160,major_projects,fetch,success,32.0,,2026-02-20 18:27:57.396666,2026-02-20 18:27:58.540000,1
159,environmental_protection,fetch,success,126.0,,2026-02-20 18:27:54.630000,2026-02-20 18:27:57.393333,3
158,foreign_control,fetch,success,42.0,,2026-02-20 18:27:52.180000,2026-02-20 18:27:54.626666,2
157,international_investment,fetch,success,72.0,,2026-02-20 18:27:49.513333,2026-02-20 18:27:52.176666,3
156,investment_by_asset,fetch,success,256.0,,2026-02-20 18:27:38.936666,2026-02-20 18:27:49.510000,11
155,infrastructure,fetch,success,360.0,,2026-02-20 18:27:28.250000,2026-02-20 18:27:38.933333,10
154,capital_expenditures,fetch,success,209.0,,2026-02-20 18:27:27.410000,2026-02-20 18:27:28.246666,1
153,canadian_energy_assets,fetch,success,120.0,,2026-02-20 18:27:26.910000,2026-02-20 18:27:27.406666,1
152,world_energy_production,fetch,success,595.0,,2026-02-20 18:27:22.913333,2026-02-20 18:27:26.910000,4
151,provincial_gdp,fetch,success,224.0,,2026-02-20 18:27:20.310000,2026-02-20 18:27:22.910000,2
150,nominal_gdp,fetch,success,60.0,,2026-02-20 18:27:18.530000,2026-02-20 18:27:20.310000,2
149,economic_contributions,fetch,success,144.0,,2026-02-20 18:27:08.080000,2026-02-20 18:27:18.530000,10
148,major_projects_map,fetch,success,464.0,,2026-02-20 18:04:36.553333,2026-02-20 18:04:39.193333,3
147,clean_tech,fetch,success,93.0,,2026-02-20 18:04:35.836666,2026-02-20 18:04:36.550000,1
146,major_projects,fetch,success,32.0,,2026-02-20 18:04:34.786666,2026-02-20 18:04:35.833333,1
145,environmental_protection,fetch,success,126.0,,2026-02-20 18:04:32.166666,2026-02-20 18:04:34.786666,2
144,foreign_control,fetch,success,42.0,,2026-02-20 18:04:29.040000,2026-02-20 18:04:32.166666,3
143,international_investment,fetch,success,72.0,,2026-02-20 18:04:26.356666,2026-02-20 18:04:29.036666,3
142,investment_by_asset,fetch,success,256.0,,2026-02-20 18:04:16.220000,2026-02-20 18:04:26.353333,10
141,infrastructure,fetch,success,360.0,,2026-02-20 18:04:04.830000,2026-02-20 18:04:16.220000,12
140,capital_expenditures,fetch,success,209.0,,2026-02-20 18:04:03.953333,2026-02-20 18:04:04.830000,1
139,canadian_energy_assets,fetch,success,120.0,,2026-02-20 18:04:03.393333,2026-02-20 18:04:03.950000,0
138,world_energy_production,fetch,success,595.0,,2026-02-20 18:03:57.503333,2026-02-20 18:04:03.393333,6
137,provincial_gdp,fetch,success,224.0,,2026-02-20 18:03:54.950000,2026-02-20 18:03:57.500000,3
136,nominal_gdp,fetch,success,60.0,,2026-02-20 18:03:53.013333,2026-02-20 18:03:54.946666,1
135,economic_contributions,fetch,success,144.0,,2026-02-20 18:03:42.480000,2026-02-20 18:03:53.010000,11
134,economic_contributions,fetch,success,72.0,,2026-02-17 08:06:21.973333,2026-02-17 08:06:50.270000,29
133,infrastructure,fetch,success,126.0,,2026-02-17 08:06:21.406666,2026-02-17 08:06:23.003333,2
132,capital_expenditures,fetch,success,76.0,,2026-02-17 08:06:10.133333,2026-02-17 08:06:11.200000,1
131,major_projects_map,fetch,success,464.0,,2026-02-17 07:32:02.833333,2026-02-17 07:32:27.170000,25
130,clean_tech,fetch,success,93.0,,2026-02-17 07:32:02.106666,2026-02-17 07:32:02.833333,0
129,major_projects,fetch,success,32.0,,2026-02-17 07:32:01.323333,2026-02-17 07:32:02.103333,1
128,environmental_protection,fetch,success,66.0,,2026-02-17 07:32:00.520000,2026-02-17 07:32:01.320000,1
127,foreign_control,fetch,success,42.0,,2026-02-17 07:31:59.886666,2026-02-17 07:32:00.520000,1
126,international_investment,fetch,success,36.0,,2026-02-17 07:31:59.116666,2026-02-17 07:31:59.883333,0
125,investment_by_asset,fetch,success,128.0,,2026-02-17 07:31:58.353333,2026-02-17 07:31:59.116666,1
124,infrastructure,fetch,success,126.0,,2026-02-17 07:31:57.486666,2026-02-17 07:31:58.350000,1
123,capital_expenditures,fetch,success,76.0,,2026-02-17 07:31:56.730000,2026-02-17 07:31:57.483333,1
122,canadian_energy_assets,fetch,success,120.0,,2026-02-17 07:31:56.150000,2026-02-17 07:31:56.726666,0
121,world_energy_production,fetch,success,595.0,,2026-02-17 07:31:51.440000,2026-02-17 07:31:56.146666,5
120,provincial_gdp,fetch,success,224.0,,2026-02-17 07:31:50.720000,2026-02-17 07:31:51.440000,1
119,nominal_gdp,fetch,success,39.0,,2026-02-17 07:31:49.086666,2026-02-17 07:31:50.716666,1
118,economic_contributions,fetch,success,72.0,,2026-02-17 07:31:47.663333,2026-02-17 07:31:49.083333,2
117,major_projects_map,fetch,success,464.0,,2026-02-17 07:24:51.623333,2026-02-17 07:27:29.700000,158
116,major_projects_map,fetch,success,404.0,,2026-02-17 07:21:54.856666,2026-02-17 07:23:15.043333,81
115,major_projects_map,fetch,success,262.0,,2026-02-17 07:20:35.123333,2026-02-17 07:21:43.026666,68
114,major_projects_map,fetch,success,464.0,,2026-02-17 07:19:43.906666,2026-02-17 07:20:27.466666,44
113,major_projects_map,fetch,success,434.0,,2026-02-17 07:16:11.830000,2026-02-17 07:16:37.223333,26
112,major_projects_map,fetch,success,404.0,,2026-02-17 07:03:28.830000,2026-02-17 07:05:10.170000,102
111,major_projects_map,fetch,success,60.0,,2026-02-17 07:01:40.786666,2026-02-17 07:01:57.383333,17
110,major_projects_map,fetch,success,60.0,,2026-02-17 07:00:59.493333,2026-02-17 07:01:16.083333,17
109,major_projects_map,fetch,success,30.0,,2026-02-17 06:52:09.730000,2026-02-17 06:55:18.753333,189
108,clean_tech,fetch,success,93.0,,2026-02-17 06:52:08.890000,2026-02-17 06:52:09.726666,1
107,major_projects,fetch,success,32.0,,2026-02-17 06:52:08.123333,2026-02-17 06:52:08.886666,0
106,environmental_protection,fetch,failed,,"('Connection aborted.', ConnectionResetError(10054, 'An existing connection was forcibly closed by the remote host', None, 10054, None))",2026-02-17 06:51:48.463333,2026-02-17 06:52:08.120000,20
105,foreign_control,fetch,success,42.0,,2026-02-17 06:51:47.806666,2026-02-17 06:51:48.463333,1
104,international_investment,fetch,success,36.0,,2026-02-17 06:51:47.126666,2026-02-17 06:51:47.800000,0
103,investment_by_asset,fetch,success,128.0,,2026-02-17 06:51:46.350000,2026-02-17 06:51:47.123333,1
102,infrastructure,fetch,success,126.0,,2026-02-17 06:51:45.483333,2026-02-17 06:51:46.350000,1
101,capital_expenditures,fetch,success,76.0,,2026-02-17 06:51:44.746666,2026-02-17 06:51:45.483333,1
100,canadian_energy_assets,fetch,success,120.0,,2026-02-17 06:51:44.223333,2026-02-17 06:51:44.743333,0
99,world_energy_production,fetch,success,595.0,,2026-02-17 06:51:39.870000,2026-02-17 06:51:44.220000,5
98,provincial_gdp,fetch,success,224.0,,2026-02-17 06:51:38.946666,2026-02-17 06:51:39.866666,1
97,nominal_gdp,fetch,success,39.0,,2026-02-17 06:51:36.900000,2026-02-17 06:51:38.943333,2
96,economic_contributions,fetch,success,72.0,,2026-02-17 06:51:34.890000,2026-02-17 06:51:36.900000,2
95,major_projects_map,fetch,success,262.0,,2026-02-17 06:38:43.240000,2026-02-17 06:38:51.966666,8
94,clean_tech,fetch,success,93.0,,2026-02-17 06:38:42.503333,2026-02-17 06:38:43.240000,1
93,major_projects,fetch,success,32.0,,2026-02-17 06:38:41.783333,2026-02-17 06:38:42.500000,1
92,environmental_protection,fetch,success,66.0,,2026-02-17 06:38:40.986666,2026-02-17 06:38:41.783333,1
91,foreign_control,fetch,success,42.0,,2026-02-17 06:38:40.366666,2026-02-17 06:38:40.983333,0
90,international_investment,fetch,success,36.0,,2026-02-17 06:38:39.706666,2026-02-17 06:38:40.363333,1
89,investment_by_asset,fetch,success,128.0,,2026-02-17 06:38:38.970000,2026-02-17 06:38:39.703333,1
88,infrastructure,fetch,success,126.0,,2026-02-17 06:38:38.180000,2026-02-17 06:38:38.966666,0
87,capital_expenditures,fetch,success,76.0,,2026-02-17 06:38:37.516666,2026-02-17 06:38:38.180000,1
86,canadian_energy_assets,fetch,success,120.0,,2026-02-17 06:38:36.976666,2026-02-17 06:38:37.513333,1
85,world_energy_production,fetch,success,595.0,,2026-02-17 06:38:32.750000,2026-02-17 06:38:36.976666,4
84,provincial_gdp,fetch,success,224.0,,2026-02-17 06:38:31.970000,2026-02-17 06:38:32.746666,1
83,nominal_gdp,fetch,success,39.0,,2026-02-17 06:38:30.383333,2026-02-17 06:38:31.966666,1
82,economic_contributions,fetch,success,72.0,,2026-02-17 06:38:29.036666,2026-02-17 06:38:30.380000,1
81,major_projects_map,fetch,success,232.0,,2026-02-17 06:36:12.320000,2026-02-17 06:37:32.500000,80
80,clean_tech,fetch,failed,,[Errno 22] Invalid argument,2026-02-17 06:36:11.580000,2026-02-17 06:36:12.316666,1
79,major_projects,fetch,success,32.0,,2026-02-17 06:36:10.586666,2026-02-17 06:36:11.573333,1
78,environmental_protection,fetch,failed,,"('Connection aborted.', ConnectionResetError(10054, 'An existing connection was forcibly closed by the remote host', None, 10054, None))",2026-02-17 06:35:48.500000,2026-02-17 06:36:10.583333,22
77,foreign_control,fetch,success,42.0,,2026-02-17 06:35:47.850000,2026-02-17 06:35:48.500000,1
76,international_investment,fetch,success,36.0,,2026-02-17 06:35:47.196666,2026-02-17 06:35:47.850000,0
75,investment_by_asset,fetch,success,128.0,,2026-02-17 06:35:46.450000,2026-02-17 06:35:47.196666,1
74,infrastructure,fetch,success,126.0,,2026-02-17 06:35:45.650000,2026-02-17 06:35:46.450000,1
73,capital_expenditures,fetch,success,76.0,,2026-02-17 06:35:44.933333,2026-02-17 06:35:45.650000,1
72,canadian_energy_assets,fetch,success,120.0,,2026-02-17 06:35:44.470000,2026-02-17 06:35:44.930000,0
71,world_energy_production,fetch,success,595.0,,2026-02-17 06:35:39.153333,2026-02-17 06:35:44.470000,5
70,provincial_gdp,fetch,success,224.0,,2026-02-17 06:35:38.180000,2026-02-17 06:35:39.150000,1
69,nominal_gdp,fetch,success,39.0,,2026-02-17 06:35:36.130000,2026-02-17 06:35:38.180000,2
68,economic_contributions,fetch,success,72.0,,2026-02-17 06:35:34.243333,2026-02-17 06:35:36.126666,2
67,major_projects_map,fetch,success,262.0,,2026-02-17 06:34:16.906666,2026-02-17 06:35:01.870000,45
66,clean_tech,fetch,failed,,[Errno 22] Invalid argument,2026-02-17 06:34:16.346666,2026-02-17 06:34:16.903333,0
65,major_projects,fetch,success,32.0,,2026-02-17 06:34:15.576666,2026-02-17 06:34:16.343333,1
64,environmental_protection,fetch,success,66.0,,2026-02-17 06:34:14.800000,2026-02-17 06:34:15.576666,1
63,foreign_control,fetch,success,42.0,,2026-02-17 06:34:14.116666,2026-02-17 06:34:14.800000,0
62,international_investment,fetch,success,36.0,,2026-02-17 06:34:13.120000,2026-02-17 06:34:14.113333,1
61,investment_by_asset,fetch,success,128.0,,2026-02-17 06:34:11.086666,2026-02-17 06:34:13.106666,2
60,infrastructure,fetch,success,126.0,,2026-02-17 06:34:08.780000,2026-02-17 06:34:10.966666,2
59,capital_expenditures,fetch,success,76.0,,2026-02-17 06:34:07.750000,2026-02-17 06:34:08.780000,1
58,canadian_energy_assets,fetch,success,120.0,,2026-02-17 06:34:06.710000,2026-02-17 06:34:07.750000,1
57,world_energy_production,fetch,success,595.0,,2026-02-17 06:33:59.476666,2026-02-17 06:34:06.703333,7
56,provincial_gdp,fetch,success,224.0,,2026-02-17 06:33:58.676666,2026-02-17 06:33:59.473333,1
55,nominal_gdp,fetch,success,39.0,,2026-02-17 06:33:56.780000,2026-02-17 06:33:58.673333,2
54,economic_contributions,fetch,success,72.0,,2026-02-17 06:33:54.770000,2026-02-17 06:33:56.780000,2
53,major_projects_map,fetch,success,464.0,,2026-02-17 06:22:41.080000,2026-02-17 06:22:51.570000,10
52,clean_tech,fetch,success,93.0,,2026-02-17 06:22:40.320000,2026-02-17 06:22:41.080000,1
51,major_projects,fetch,success,32.0,,2026-02-17 06:22:39.300000,2026-02-17 06:22:40.320000,1
50,environmental_protection,fetch,success,42.0,,2026-02-17 06:22:38.566666,2026-02-17 06:22:39.300000,1
49,foreign_control,fetch,success,28.0,,2026-02-17 06:22:37.950000,2026-02-17 06:22:38.566666,1
48,international_investment,fetch,success,36.0,,2026-02-17 06:22:35.273333,2026-02-17 06:22:37.950000,2
47,investment_by_asset,fetch,success,112.0,,2026-02-17 06:22:34.473333,2026-02-17 06:22:35.270000,1
46,infrastructure,fetch,success,126.0,,2026-02-17 06:22:24.046666,2026-02-17 06:22:34.470000,10
45,capital_expenditures,fetch,success,76.0,,2026-02-17 06:22:23.310000,2026-02-17 06:22:24.043333,1
44,canadian_energy_assets,fetch,success,120.0,,2026-02-17 06:22:22.700000,2026-02-17 06:22:23.306666,1
43,world_energy_production,fetch,success,595.0,,2026-02-17 06:22:16.346666,2026-02-17 06:22:22.700000,6
42,provincial_gdp,fetch,success,224.0,,2026-02-17 06:22:15.330000,2026-02-17 06:22:16.343333,1
41,nominal_gdp,fetch,success,24.0,,2026-02-17 06:22:13.343333,2026-02-17 06:22:15.323333,2
40,economic_contributions,fetch,success,72.0,,2026-02-17 06:22:01.670000,2026-02-17 06:22:13.340000,12
39,clean_tech,fetch,success,0.0,,2026-02-17 06:11:33.746666,2026-02-17 06:11:33.750000,0
38,major_projects,fetch,success,0.0,,2026-02-17 06:11:33.743333,2026-02-17 06:11:33.746666,0
37,environmental_protection,fetch,success,42.0,,2026-02-17 06:11:33.150000,2026-02-17 06:11:33.743333,0
36,foreign_control,fetch,success,28.0,,2026-02-17 06:11:32.543333,2026-02-17 06:11:33.146666,1
35,international_investment,fetch,success,36.0,,2026-02-17 06:11:30.160000,2026-02-17 06:11:32.540000,2
34,investment_by_asset,fetch,success,112.0,,2026-02-17 06:11:29.530000,2026-02-17 06:11:30.160000,1
33,infrastructure,fetch,success,126.0,,2026-02-17 06:11:19.220000,2026-02-17 06:11:29.526666,10
32,capital_expenditures,fetch,success,76.0,,2026-02-17 06:11:18.610000,2026-02-17 06:11:19.220000,1
31,canadian_energy_assets,fetch,success,0.0,,2026-02-17 06:11:18.243333,2026-02-17 06:11:18.610000,0
30,world_energy_production,fetch,success,0.0,,2026-02-17 06:11:18.236666,2026-02-17 06:11:18.240000,0
29,provincial_gdp,fetch,success,224.0,,2026-02-17 06:11:17.480000,2026-02-17 06:11:18.236666,1
28,nominal_gdp,fetch,success,24.0,,2026-02-17 06:11:15.726666,2026-02-17 06:11:17.476666,2
27,economic_contributions,fetch,success,72.0,,2026-02-17 06:10:54.043333,2026-02-17 06:11:15.723333,21
26,clean_tech,fetch,success,0.0,,2026-02-17 06:07:35.690000,2026-02-17 06:07:35.693333,0
25,major_projects,fetch,success,0.0,,2026-02-17 06:07:35.686666,2026-02-17 06:07:35.690000,0
24,environmental_protection,fetch,success,42.0,,2026-02-17 06:07:33.293333,2026-02-17 06:07:35.686666,2
23,foreign_control,fetch,success,28.0,,2026-02-17 06:07:30.810000,2026-02-17 06:07:33.293333,3
22,international_investment,fetch,success,0.0,,2026-02-17 06:07:28.563333,2026-02-17 06:07:30.806666,2
21,investment_by_asset,fetch,success,112.0,,2026-02-17 06:07:18.520000,2026-02-17 06:07:28.560000,10
20,infrastructure,fetch,success,0.0,,2026-02-17 06:07:16.503333,2026-02-17 06:07:18.516666,2
19,capital_expenditures,fetch,success,0.0,,2026-02-17 06:07:14.130000,2026-02-17 06:07:16.503333,2
18,canadian_energy_assets,fetch,success,0.0,,2026-02-17 06:07:13.823333,2026-02-17 06:07:14.126666,1
17,world_energy_production,fetch,success,0.0,,2026-02-17 06:07:13.820000,2026-02-17 06:07:13.820000,0
16,provincial_gdp,fetch,success,224.0,,2026-02-17 06:07:11.483333,2026-02-17 06:07:13.820000,2
15,nominal_gdp,fetch,success,24.0,,2026-02-17 06:07:10.036666,2026-02-17 06:07:11.483333,1
14,economic_contributions,fetch,success,0.0,,2026-02-17 06:07:07.903333,2026-02-17 06:07:10.033333,3
13,clean_tech,fetch,success,0.0,,2026-02-17 06:03:00.240000,2026-02-17 06:03:00.246666,0
12,major_projects,fetch,success,0.0,,2026-02-17 06:03:00.236666,2026-02-17 06:03:00.240000,0
11,environmental_protection,fetch,success,42.0,,2026-02-17 06:02:57.650000,2026-02-17 06:03:00.233333,3
10,foreign_control,fetch,success,28.0,,2026-02-17 06:02:55.310000,2026-02-17 06:02:57.650000,2
9,international_investment,fetch,success,0.0,,2026-02-17 06:02:53.263333,2026-02-17 06:02:55.303333,2
8,investment_by_asset,fetch,failed,,generator didn't stop after throw(),2026-02-17 06:02:41.203333,2026-02-17 06:02:53.250000,12
7,infrastructure,fetch,failed,,'VECTOR',2026-02-17 06:02:39.226666,2026-02-17 06:02:41.190000,2
6,capital_expenditures,fetch,success,0.0,,2026-02-17 06:02:36.973333,2026-02-17 06:02:39.223333,3
5,canadian_energy_assets,fetch,success,0.0,,2026-02-17 06:02:34.926666,2026-02-17 06:02:36.970000,2
4,world_energy_production,fetch,success,0.0,,2026-02-17 06:02:34.916666,2026-02-17 06:02:34.923333,0
3,provincial_gdp,fetch,success,224.0,,2026-02-17 06:02:32.113333,2026-02-17 06:02:34.913333,2
2,nominal_gdp,fetch,success,24.0,,2026-02-17 06:02:29.976666,2026-02-17 06:02:32.110000,3
1,economic_contributions,fetch,failed,,'VECTOR',2026-02-17 06:02:27.763333,2026-02-17 06:02:29.970000,2
