vector,ref_date,value
capex_oil_gas,2007,41262.6
capex_electricity,2007,13229.2
capex_other,2007,8707.6
capex_total,2007,63199.4
capex_oil_gas,2008,44861.4
capex_electricity,2008,14678.6
capex_other,2008,12180.0
capex_total,2008,71720.0
capex_oil_gas,2009,26938.1
capex_electricity,2009,17074.0
capex_other,2009,9832.3
capex_total,2009,53844.4
capex_oil_gas,2010,42965.2
capex_electricity,2010,18018.0
capex_other,2010,7129.9
capex_total,2010,68113.1
capex_oil_gas,2011,52168.0
capex_electricity,2011,19190.9
capex_other,2011,10024.8
capex_total,2011,81383.7
capex_oil_gas,2012,58779.8
capex_electricity,2012,19919.1
capex_other,2012,10934.2
capex_total,2012,89633.1
capex_oil_gas,2013,65073.5
capex_electricity,2013,24302.4
capex_other,2013,15159.5
capex_total,2013,104535.4
capex_oil_gas,2014,76070.0
capex_electricity,2014,25528.1
capex_other,2014,15656.4
capex_total,2014,117254.5
capex_oil_gas,2015,51064.8
capex_electricity,2015,23944.0
capex_other,2015,15730.4
capex_total,2015,90739.2
capex_oil_gas,2016,37604.7
capex_electricity,2016,23509.0
capex_other,2016,12658.5
capex_total,2016,73772.2
capex_oil_gas,2017,40248.1
capex_electricity,2017,23865.0
capex_other,2017,12656.6
capex_total,2017,76769.7
capex_oil_gas,2018,37052.3
capex_electricity,2018,21556.8
capex_other,2018,13761.5
capex_total,2018,72370.6
capex_oil_gas,2019,33920.2
capex_electricity,2019,22157.9
capex_other,2019,14986.9
capex_total,2019,71065.0
capex_oil_gas,2020,21804.7
capex_electricity,2020,21520.0
capex_other,2020,15054.4
capex_total,2020,58379.1
capex_oil_gas,2021,24686.2
capex_electricity,2021,24617.9
capex_other,2021,18477.2
capex_total,2021,67781.3
capex_oil_gas,2022,35029.0
capex_electricity,2022,25584.1
capex_other,2022,26030.9
capex_total,2022,86644.0
capex_oil_gas,2023,39201.8
capex_electricity,2023,28632.1
capex_other,2023,25920.0
capex_total,2023,93753.9
capex_oil_gas,2024,43652.4
capex_electricity,2024,31013.2
capex_other,2024,16066.5
capex_total,2024,90732.1
capex_oil_gas,2025,42038.0
capex_electricity,2025,33451.4
capex_other,2025,13386.6
capex_total,2025,88876.0
capex_oil_gas,2026,43601.3
capex_electricity,2026,36589.4
capex_other,2026,16896.2
capex_total,2026,97086.9
infra_fuel_energy_pipelines,2007,117187.0
infra_transport,2007,118011.0
infra_health_housing,2007,66489.0
infra_education,2007,67766.0
infra_public_safety,2007,57212.0
infra_environmental,2007,35187.0
infra_total,2007,461852.0
infra_fuel_energy_pipelines,2008,131110.0
infra_transport,2008,135417.0
infra_health_housing,2008,74576.0
infra_education,2008,74917.0
infra_public_safety,2008,61406.0
infra_environmental,2008,38616.0
infra_total,2008,516042.0
infra_fuel_energy_pipelines,2009,141153.0
infra_transport,2009,141109.0
infra_health_housing,2009,78290.0
infra_education,2009,74258.0
infra_public_safety,2009,62447.0
infra_environmental,2009,41005.0
infra_total,2009,538262.0
infra_fuel_energy_pipelines,2010,150248.0
infra_transport,2010,153508.0
infra_health_housing,2010,85954.0
infra_education,2010,78313.0
infra_public_safety,2010,65744.0
infra_environmental,2010,43366.0
infra_total,2010,577133.0
infra_fuel_energy_pipelines,2011,160823.0
infra_transport,2011,169399.0
infra_health_housing,2011,94289.0
infra_education,2011,83670.0
infra_public_safety,2011,70366.0
infra_environmental,2011,45797.0
infra_total,2011,624344.0
infra_fuel_energy_pipelines,2012,173180.0
infra_transport,2012,182073.0
infra_health_housing,2012,102298.0
infra_education,2012,87600.0
infra_public_safety,2012,74454.0
infra_environmental,2012,48239.0
infra_total,2012,667844.0
infra_fuel_energy_pipelines,2013,189479.0
infra_transport,2013,189748.0
infra_health_housing,2013,107590.0
infra_education,2013,88802.0
infra_public_safety,2013,77337.0
infra_environmental,2013,49677.0
infra_total,2013,702633.0
infra_fuel_energy_pipelines,2014,208399.0
infra_transport,2014,198091.0
infra_health_housing,2014,113517.0
infra_education,2014,91469.0
infra_public_safety,2014,83152.0
infra_environmental,2014,52009.0
infra_total,2014,746637.0
infra_fuel_energy_pipelines,2015,224830.0
infra_transport,2015,205002.0
infra_health_housing,2015,117210.0
infra_education,2015,94286.0
infra_public_safety,2015,88122.0
infra_environmental,2015,54896.0
infra_total,2015,784346.0
infra_fuel_energy_pipelines,2016,236072.0
infra_transport,2016,209095.0
infra_health_housing,2016,118193.0
infra_education,2016,97423.0
infra_public_safety,2016,93299.0
infra_environmental,2016,57303.0
infra_total,2016,811385.0
infra_fuel_energy_pipelines,2017,247766.0
infra_transport,2017,219255.0
infra_health_housing,2017,120502.0
infra_education,2017,103177.0
infra_public_safety,2017,98753.0
infra_environmental,2017,58298.0
infra_total,2017,847751.0
infra_fuel_energy_pipelines,2018,264567.0
infra_transport,2018,233193.0
infra_health_housing,2018,125610.0
infra_education,2018,110707.0
infra_public_safety,2018,105240.0
infra_environmental,2018,60123.0
infra_total,2018,899440.0
infra_fuel_energy_pipelines,2019,277557.0
infra_transport,2019,246090.0
infra_health_housing,2019,129342.0
infra_education,2019,115811.0
infra_public_safety,2019,110985.0
infra_environmental,2019,61638.0
infra_total,2019,941423.0
infra_fuel_energy_pipelines,2020,288357.0
infra_transport,2020,253478.0
infra_health_housing,2020,131958.0
infra_education,2020,118884.0
infra_public_safety,2020,115125.0
infra_environmental,2020,62054.0
infra_total,2020,969856.0
infra_fuel_energy_pipelines,2021,325695.0
infra_transport,2021,285408.0
infra_health_housing,2021,142077.0
infra_education,2021,129689.0
infra_public_safety,2021,127669.0
infra_environmental,2021,66923.0
infra_total,2021,1077461.0
infra_fuel_energy_pipelines,2022,375929.0
infra_transport,2022,327285.0
infra_health_housing,2022,158912.0
infra_education,2022,145473.0
infra_public_safety,2022,144074.0
infra_environmental,2022,72884.0
infra_total,2022,1224557.0
infra_fuel_energy_pipelines,2023,396011.0
infra_transport,2023,337254.0
infra_health_housing,2023,168378.0
infra_education,2023,156622.0
infra_public_safety,2023,150211.0
infra_environmental,2023,74336.0
infra_total,2023,1282812.0
infra_fuel_energy_pipelines,2024,419643.0
infra_transport,2024,356015.0
infra_health_housing,2024,178113.0
infra_education,2024,166389.0
infra_public_safety,2024,156074.0
infra_environmental,2024,76579.0
infra_total,2024,1352813.0
econ_jobs,2007,65600.0
econ_employment_income,2007,4143.0
econ_gdp,2007,8496.0
econ_investment_value,2007,60202.5
econ_jobs,2008,88800.0
econ_employment_income,2008,5693.0
econ_gdp,2008,11135.0
econ_investment_value,2008,69005.0
econ_jobs,2009,92700.0
econ_employment_income,2009,5976.0
econ_gdp,2009,11762.0
econ_investment_value,2009,51794.5
econ_jobs,2010,93100.0
econ_employment_income,2010,5969.0
econ_gdp,2010,12050.0
econ_investment_value,2010,66480.6
econ_jobs,2011,95400.0
econ_employment_income,2011,6341.0
econ_gdp,2011,12525.0
econ_investment_value,2011,77978.8
econ_jobs,2012,104000.0
econ_employment_income,2012,7226.0
econ_gdp,2012,13876.0
econ_investment_value,2012,87014.5
econ_jobs,2013,139800.0
econ_employment_income,2013,9852.0
econ_gdp,2013,18564.0
econ_investment_value,2013,100803.9
econ_jobs,2014,143900.0
econ_employment_income,2014,10246.0
econ_gdp,2014,19480.0
econ_investment_value,2014,114012.1
econ_jobs,2015,131500.0
econ_employment_income,2015,9830.0
econ_gdp,2015,17612.0
econ_investment_value,2015,88181.6
econ_jobs,2016,128400.0
econ_employment_income,2016,9822.0
econ_gdp,2016,18144.0
econ_investment_value,2016,72811.2
econ_jobs,2017,126300.0
econ_employment_income,2017,10125.0
econ_gdp,2017,18798.0
econ_investment_value,2017,75438.4
econ_jobs,2018,118100.0
econ_employment_income,2018,9842.0
econ_gdp,2018,18368.0
econ_investment_value,2018,71060.7
econ_jobs,2019,125200.0
econ_employment_income,2019,10634.0
econ_gdp,2019,19353.0
econ_investment_value,2019,69928.5
econ_jobs,2020,134600.0
econ_employment_income,2020,12022.0
econ_gdp,2020,21412.0
econ_investment_value,2020,57843.8
econ_jobs,2021,145100.0
econ_employment_income,2021,13048.0
econ_gdp,2021,23836.0
econ_investment_value,2021,66564.5
econ_jobs,2022,181500.0
econ_employment_income,2022,16290.0
econ_gdp,2022,28916.0
econ_investment_value,2022,85082.4
econ_jobs,2023,177700.0
econ_employment_income,2023,15933.0
econ_gdp,2023,29327.0
econ_investment_value,2023,91628.6
econ_jobs,2024,172500.0
econ_employment_income,2024,15478.0
econ_gdp,2024,29983.0
econ_investment_value,2024,88929.9
asset_transmission_distribution,2009,9696.0
asset_pipelines,2009,3229.0
asset_nuclear,2009,603.0
asset_other_electric,2009,35.0
asset_hydraulic,2009,3280.0
asset_wind_solar,2009,456.0
asset_steam_thermal,2009,328.0
asset_total,2009,17627.0
asset_transmission_distribution,2010,11000.0
asset_pipelines,2010,1745.0
asset_nuclear,2010,603.0
asset_other_electric,2010,45.0
asset_hydraulic,2010,3532.0
asset_wind_solar,2010,589.0
asset_steam_thermal,2010,427.0
asset_total,2010,17941.0
asset_transmission_distribution,2011,10879.0
asset_pipelines,2011,1984.0
asset_nuclear,2011,634.0
asset_other_electric,2011,40.0
asset_hydraulic,2011,3478.0
asset_wind_solar,2011,522.0
asset_steam_thermal,2011,364.0
asset_total,2011,17901.0
asset_transmission_distribution,2012,11053.0
asset_pipelines,2012,2868.0
asset_nuclear,2012,572.0
asset_other_electric,2012,39.0
asset_hydraulic,2012,3970.0
asset_wind_solar,2012,512.0
asset_steam_thermal,2012,355.0
asset_total,2012,19369.0
asset_transmission_distribution,2013,13980.0
asset_pipelines,2013,5456.0
asset_nuclear,2013,642.0
asset_other_electric,2013,50.0
asset_hydraulic,2013,4222.0
asset_wind_solar,2013,655.0
asset_steam_thermal,2013,413.0
asset_total,2013,25418.0
asset_transmission_distribution,2014,14734.0
asset_pipelines,2014,5336.0
asset_nuclear,2014,723.0
asset_other_electric,2014,51.0
asset_hydraulic,2014,4444.0
asset_wind_solar,2014,668.0
asset_steam_thermal,2014,447.0
asset_total,2014,26403.0
asset_transmission_distribution,2015,13164.0
asset_pipelines,2015,4865.0
asset_nuclear,2015,170.0
asset_other_electric,2015,62.0
asset_hydraulic,2015,4155.0
asset_wind_solar,2015,806.0
asset_steam_thermal,2015,415.0
asset_total,2015,23637.0
asset_transmission_distribution,2016,13114.0
asset_pipelines,2016,4870.0
asset_nuclear,2016,379.0
asset_other_electric,2016,76.0
asset_hydraulic,2016,4246.0
asset_wind_solar,2016,997.0
asset_steam_thermal,2016,336.0
asset_total,2016,24018.0
asset_transmission_distribution,2017,12708.0
asset_pipelines,2017,5562.0
asset_nuclear,2017,729.0
asset_other_electric,2017,28.0
asset_hydraulic,2017,4657.0
asset_wind_solar,2017,364.0
asset_steam_thermal,2017,410.0
asset_total,2017,24458.0
asset_transmission_distribution,2018,9418.0
asset_pipelines,2018,5531.0
asset_nuclear,2018,1807.0
asset_other_electric,2018,53.0
asset_hydraulic,2018,4718.0
asset_wind_solar,2018,691.0
asset_steam_thermal,2018,927.0
asset_total,2018,23145.0
asset_transmission_distribution,2019,8752.0
asset_pipelines,2019,6778.0
asset_nuclear,2019,1815.0
asset_other_electric,2019,97.0
asset_hydraulic,2019,4966.0
asset_wind_solar,2019,1263.0
asset_steam_thermal,2019,335.0
asset_total,2019,24006.0
asset_transmission_distribution,2020,8684.0
asset_pipelines,2020,9584.0
asset_nuclear,2020,1956.0
asset_other_electric,2020,50.0
asset_hydraulic,2020,4687.0
asset_wind_solar,2020,648.0
asset_steam_thermal,2020,962.0
asset_total,2020,26571.0
asset_transmission_distribution,2021,8685.0
asset_pipelines,2021,10486.0
asset_nuclear,2021,1615.0
asset_other_electric,2021,85.0
asset_hydraulic,2021,4464.0
asset_wind_solar,2021,1111.0
asset_steam_thermal,2021,1140.0
asset_total,2021,27586.0
asset_transmission_distribution,2022,7949.0
asset_pipelines,2022,14945.0
asset_nuclear,2022,1492.0
asset_other_electric,2022,107.0
asset_hydraulic,2022,4013.0
asset_wind_solar,2022,1397.0
asset_steam_thermal,2022,661.0
asset_total,2022,30564.0
asset_transmission_distribution,2023,9891.0
asset_pipelines,2023,11307.0
asset_nuclear,2023,1663.0
asset_other_electric,2023,138.0
asset_hydraulic,2023,4755.0
asset_wind_solar,2023,1802.0
asset_steam_thermal,2023,930.0
asset_total,2023,30486.0
asset_transmission_distribution,2024,12346.0
asset_pipelines,2024,6929.0
asset_nuclear,2024,2461.0
asset_other_electric,2024,157.0
asset_hydraulic,2024,5279.0
asset_wind_solar,2024,2048.0
asset_steam_thermal,2024,1127.0
asset_total,2024,30347.0
intl_cdia,2007,80092.0
intl_fdi,2007,106890.0
intl_cdia,2008,104863.0
intl_fdi,2008,127198.0
intl_cdia,2009,86554.0
intl_fdi,2009,125825.0
intl_cdia,2010,97726.0
intl_fdi,2010,141540.0
intl_cdia,2011,95925.0
intl_fdi,2011,151576.0
intl_cdia,2012,99671.0
intl_fdi,2012,150859.0
intl_cdia,2013,105670.0
intl_fdi,2013,187091.0
intl_cdia,2014,117342.0
intl_fdi,2014,197879.0
intl_cdia,2015,134364.0
intl_fdi,2015,202352.0
intl_cdia,2016,135758.0
intl_fdi,2016,202354.0
intl_cdia,2017,136745.0
intl_fdi,2017,197035.0
intl_cdia,2018,162344.0
intl_fdi,2018,205373.0
intl_cdia,2019,173692.0
intl_fdi,2019,145411.0
intl_cdia,2020,154204.0
intl_fdi,2020,119371.0
intl_cdia,2021,136569.0
intl_fdi,2021,124018.0
intl_cdia,2022,175737.0
intl_fdi,2022,128146.0
intl_cdia,2023,197942.0
intl_fdi,2023,139544.0
intl_cdia,2024,214577.0
intl_fdi,2024,156779.0
foreign_all_non_financial,2010,28.2
foreign_oil_gas,2010,36.0
foreign_utilities,2010,25.8
foreign_all_non_financial,2011,28.2
foreign_oil_gas,2011,40.6
foreign_utilities,2011,24.2
foreign_all_non_financial,2012,27.7
foreign_oil_gas,2012,37.8
foreign_utilities,2012,22.7
foreign_all_non_financial,2013,27.1
foreign_oil_gas,2013,39.9
foreign_utilities,2013,23.0
foreign_all_non_financial,2014,26.8
foreign_oil_gas,2014,38.5
foreign_utilities,2014,21.0
foreign_all_non_financial,2015,27.1
foreign_oil_gas,2015,44.6
foreign_utilities,2015,17.2
foreign_all_non_financial,2016,26.5
foreign_oil_gas,2016,45.5
foreign_utilities,2016,15.8
foreign_all_non_financial,2017,25.4
foreign_oil_gas,2017,40.0
foreign_utilities,2017,5.8
foreign_all_non_financial,2018,25.0
foreign_oil_gas,2018,40.3
foreign_utilities,2018,11.6
foreign_all_non_financial,2019,24.0
foreign_oil_gas,2019,32.5
foreign_utilities,2019,12.7
foreign_all_non_financial,2020,23.5
foreign_oil_gas,2020,32.7
foreign_utilities,2020,12.4
foreign_all_non_financial,2021,23.5
foreign_oil_gas,2021,40.1
foreign_utilities,2021,12.1
foreign_all_non_financial,2022,23.0
foreign_oil_gas,2022,36.5
foreign_utilities,2022,14.5
foreign_all_non_financial,2023,22.9
foreign_oil_gas,2023,33.0
foreign_utilities,2023,14.9
enviro_oil_gas_wastewater,2018,922.8
enviro_oil_gas_soil,2018,892.5
enviro_oil_gas_air,2018,822.0
enviro_oil_gas_solid_waste,2018,608.2
enviro_oil_gas_total,2018,3591.1
enviro_oil_gas_other,2018,334.5
enviro_electric_total,2018,689.7
enviro_natural_gas_total,2018,87.0
enviro_petroleum_total,2018,420.3
enviro_petroleum_pollution,2018,393.3
enviro_all_industries_total,2018,9671.0
enviro_oil_gas_wastewater,2019,1705.7
enviro_oil_gas_soil,2019,632.6
enviro_oil_gas_air,2019,203.7
enviro_oil_gas_solid_waste,2019,343.2
enviro_oil_gas_total,2019,3053.9
enviro_oil_gas_other,2019,164.8
enviro_electric_total,2019,637.3
enviro_natural_gas_total,2019,36.2
enviro_petroleum_total,2019,501.0
enviro_petroleum_pollution,2019,470.8
enviro_all_industries_total,2019,8893.0
enviro_oil_gas_wastewater,2020,1516.3
enviro_oil_gas_soil,2020,428.8
enviro_oil_gas_air,2020,180.6
enviro_oil_gas_solid_waste,2020,265.0
enviro_oil_gas_total,2020,2588.5
enviro_oil_gas_other,2020,157.5
enviro_electric_total,2020,662.8
enviro_natural_gas_total,2020,36.6
enviro_petroleum_total,2020,316.7
enviro_petroleum_pollution,2020,294.90000000000003
enviro_all_industries_total,2020,9869.9
enviro_oil_gas_wastewater,2021,1301.2
enviro_oil_gas_soil,2021,794.7
enviro_oil_gas_air,2021,311.9
enviro_oil_gas_solid_waste,2021,365.9
enviro_oil_gas_total,2021,3182.3
enviro_oil_gas_other,2021,393.4
enviro_electric_total,2021,688.9
enviro_natural_gas_total,2021,40.9
enviro_petroleum_total,2021,425.0
enviro_petroleum_pollution,2021,356.19999999999993
enviro_all_industries_total,2021,10578.2
enviro_oil_gas_wastewater,2022,1297.5
enviro_oil_gas_soil,2022,906.8
enviro_oil_gas_air,2022,679.6
enviro_oil_gas_solid_waste,2022,793.1
enviro_oil_gas_total,2022,3985.1
enviro_oil_gas_other,2022,303.5
enviro_electric_total,2022,659.3
enviro_natural_gas_total,2022,37.8
enviro_petroleum_total,2022,425.9
enviro_petroleum_pollution,2022,406.6
enviro_all_industries_total,2022,11843.6
enviro_oil_gas_wastewater,2023,1424.7
enviro_oil_gas_soil,2023,635.9
enviro_oil_gas_air,2023,858.1
enviro_oil_gas_solid_waste,2023,669.3
enviro_oil_gas_total,2023,4033.8
enviro_oil_gas_other,2023,436.29999999999995
enviro_electric_total,2023,867.7
enviro_natural_gas_total,2023,60.9
enviro_petroleum_total,2023,1117.5
enviro_petroleum_pollution,2023,996.0
enviro_all_industries_total,2023,11886.1
gdp_nominal_total,2022,335345.0
gdp_nominal_direct,2022,277448.0
gdp_nominal_indirect,2022,57897.0
gdp_nominal_petroleum,2022,214560.0
gdp_nominal_electricity,2022,48828.0
gdp_nominal_other,2022,14060.0
gdp_nominal_market,2022,2773000.0
gdp_nominal_total_pct,2022,12.1
gdp_nominal_direct_pct,2022,10.0
gdp_nominal_indirect_pct,2022,2.1
gdp_nominal_petroleum_pct,2022,7.7
gdp_nominal_electricity_pct,2022,1.8
gdp_nominal_other_pct,2022,0.5
gdp_nominal_total,2023,285896.0
gdp_nominal_direct,2023,235331.0
gdp_nominal_indirect,2023,50564.0
gdp_nominal_petroleum,2023,171638.0
gdp_nominal_electricity,2023,50474.0
gdp_nominal_other,2023,13219.0
gdp_nominal_market,2023,2765000.0
gdp_nominal_total_pct,2023,10.3
gdp_nominal_direct_pct,2023,8.5
gdp_nominal_indirect_pct,2023,1.8
gdp_nominal_petroleum_pct,2023,6.2
gdp_nominal_electricity_pct,2023,1.8
gdp_nominal_other_pct,2023,0.5
gdp_nominal_total,2024,281579.0
gdp_nominal_direct,2024,231778.0
gdp_nominal_indirect,2024,49801.0
gdp_nominal_petroleum,2024,167887.0
gdp_nominal_electricity,2024,52080.0
gdp_nominal_other,2024,11811.0
gdp_nominal_market,2024,2879000.0
gdp_nominal_total_pct,2024,9.8
gdp_nominal_direct_pct,2024,8.1
gdp_nominal_indirect_pct,2024,1.7
gdp_nominal_petroleum_pct,2024,5.8
gdp_nominal_electricity_pct,2024,1.8
gdp_nominal_other_pct,2024,0.4
gdp_prov_national_total,2009,122821.0
gdp_prov_nl,2009,6513.0
gdp_prov_pe,2009,60.0
gdp_prov_ns,2009,1406.0
gdp_prov_nb,2009,1393.0
gdp_prov_qc,2009,13311.0
gdp_prov_on,2009,13577.0
gdp_prov_mb,2009,2093.0
gdp_prov_sk,2009,12450.0
gdp_prov_ab,2009,60872.0
gdp_prov_bc,2009,10624.0
gdp_prov_yt,2009,43.0
gdp_prov_nt,2009,423.0
gdp_prov_nu,2009,57.0
gdp_prov_national_total,2010,141047.0
gdp_prov_nl,2010,8093.0
gdp_prov_pe,2010,73.0
gdp_prov_ns,2010,1530.0
gdp_prov_nb,2010,1491.0
gdp_prov_qc,2010,13057.0
gdp_prov_on,2010,14491.0
gdp_prov_mb,2010,2844.0
gdp_prov_sk,2010,13456.0
gdp_prov_ab,2010,73585.0
gdp_prov_bc,2010,11857.0
gdp_prov_yt,2010,46.0
gdp_prov_nt,2010,483.0
gdp_prov_nu,2010,41.0
gdp_prov_national_total,2011,162316.0
gdp_prov_nl,2011,10420.0
gdp_prov_pe,2011,70.0
gdp_prov_ns,2011,1440.0
gdp_prov_nb,2011,1679.0
gdp_prov_qc,2011,13492.0
gdp_prov_on,2011,15145.0
gdp_prov_mb,2011,3242.0
gdp_prov_sk,2011,16299.0
gdp_prov_ab,2011,84881.0
gdp_prov_bc,2011,15120.0
gdp_prov_yt,2011,50.0
gdp_prov_nt,2011,434.0
gdp_prov_nu,2011,43.0
gdp_prov_national_total,2012,153635.0
gdp_prov_nl,2012,8120.0
gdp_prov_pe,2012,65.0
gdp_prov_ns,2012,1231.0
gdp_prov_nb,2012,1659.0
gdp_prov_qc,2012,12308.0
gdp_prov_on,2012,16914.0
gdp_prov_mb,2012,3607.0
gdp_prov_sk,2012,16736.0
gdp_prov_ab,2012,80724.0
gdp_prov_bc,2012,11730.0
gdp_prov_yt,2012,53.0
gdp_prov_nt,2012,443.0
gdp_prov_nu,2012,45.0
gdp_prov_national_total,2013,167896.0
gdp_prov_nl,2013,9265.0
gdp_prov_pe,2013,71.0
gdp_prov_ns,2013,1125.0
gdp_prov_nb,2013,1704.0
gdp_prov_qc,2013,12958.0
gdp_prov_on,2013,16981.0
gdp_prov_mb,2013,3811.0
gdp_prov_sk,2013,17812.0
gdp_prov_ab,2013,91838.0
gdp_prov_bc,2013,11849.0
gdp_prov_yt,2013,37.0
gdp_prov_nt,2013,401.0
gdp_prov_nu,2013,43.0
gdp_prov_national_total,2014,190943.0
gdp_prov_nl,2014,8397.0
gdp_prov_pe,2014,73.0
gdp_prov_ns,2014,1295.0
gdp_prov_nb,2014,1587.0
gdp_prov_qc,2014,13739.0
gdp_prov_on,2014,18529.0
gdp_prov_mb,2014,3842.0
gdp_prov_sk,2014,18602.0
gdp_prov_ab,2014,111364.0
gdp_prov_bc,2014,12989.0
gdp_prov_yt,2014,41.0
gdp_prov_nt,2014,440.0
gdp_prov_nu,2014,45.0
gdp_prov_national_total,2015,129531.0
gdp_prov_nl,2015,4445.0
gdp_prov_pe,2015,71.0
gdp_prov_ns,2015,969.0
gdp_prov_nb,2015,1958.0
gdp_prov_qc,2015,14980.0
gdp_prov_on,2015,20009.0
gdp_prov_mb,2015,3202.0
gdp_prov_sk,2015,12262.0
gdp_prov_ab,2015,60629.0
gdp_prov_bc,2015,10678.0
gdp_prov_yt,2015,40.0
gdp_prov_nt,2015,246.0
gdp_prov_nu,2015,44.0
gdp_prov_national_total,2016,118280.0
gdp_prov_nl,2016,4462.0
gdp_prov_pe,2016,78.0
gdp_prov_ns,2016,965.0
gdp_prov_nb,2016,1741.0
gdp_prov_qc,2016,14837.0
gdp_prov_on,2016,19719.0
gdp_prov_mb,2016,3278.0
gdp_prov_sk,2016,10684.0
gdp_prov_ab,2016,50364.0
gdp_prov_bc,2016,11854.0
gdp_prov_yt,2016,40.0
gdp_prov_nt,2016,215.0
gdp_prov_nu,2016,43.0
gdp_prov_national_total,2017,143199.0
gdp_prov_nl,2017,5867.0
gdp_prov_pe,2017,86.0
gdp_prov_ns,2017,945.0
gdp_prov_nb,2017,1562.0
gdp_prov_qc,2017,14318.0
gdp_prov_on,2017,19021.0
gdp_prov_mb,2017,3443.0
gdp_prov_sk,2017,12752.0
gdp_prov_ab,2017,70512.0
gdp_prov_bc,2017,14515.0
gdp_prov_yt,2017,42.0
gdp_prov_nt,2017,93.0
gdp_prov_nu,2017,44.0
gdp_prov_national_total,2018,162710.0
gdp_prov_nl,2018,7733.0
gdp_prov_pe,2018,90.0
gdp_prov_ns,2018,955.0
gdp_prov_nb,2018,1586.0
gdp_prov_qc,2018,15786.0
gdp_prov_on,2018,22832.0
gdp_prov_mb,2018,3826.0
gdp_prov_sk,2018,14375.0
gdp_prov_ab,2018,80454.0
gdp_prov_bc,2018,14885.0
gdp_prov_yt,2018,45.0
gdp_prov_nt,2018,97.0
gdp_prov_nu,2018,46.0
gdp_prov_national_total,2019,165343.0
gdp_prov_nl,2019,8024.0
gdp_prov_pe,2019,95.0
gdp_prov_ns,2019,952.0
gdp_prov_nb,2019,1678.0
gdp_prov_qc,2019,15560.0
gdp_prov_on,2019,21988.0
gdp_prov_mb,2019,3960.0
gdp_prov_sk,2019,14161.0
gdp_prov_ab,2019,84843.0
gdp_prov_bc,2019,13765.0
gdp_prov_yt,2019,46.0
gdp_prov_nt,2019,224.0
gdp_prov_nu,2019,47.0
gdp_prov_national_total,2020,120780.0
gdp_prov_nl,2020,5360.0
gdp_prov_pe,2020,98.0
gdp_prov_ns,2020,934.0
gdp_prov_nb,2020,1577.0
gdp_prov_qc,2020,14628.0
gdp_prov_on,2020,22273.0
gdp_prov_mb,2020,3554.0
gdp_prov_sk,2020,8864.0
gdp_prov_ab,2020,50137.0
gdp_prov_bc,2020,13089.0
gdp_prov_yt,2020,63.0
gdp_prov_nt,2020,148.0
gdp_prov_nu,2020,55.0
gdp_prov_national_total,2021,197651.0
gdp_prov_nl,2021,7974.0
gdp_prov_pe,2021,106.0
gdp_prov_ns,2021,934.0
gdp_prov_nb,2021,1601.0
gdp_prov_qc,2021,15385.0
gdp_prov_on,2021,24278.0
gdp_prov_mb,2021,3944.0
gdp_prov_sk,2021,15084.0
gdp_prov_ab,2021,105332.0
gdp_prov_bc,2021,22654.0
gdp_prov_yt,2021,64.0
gdp_prov_nt,2021,239.0
gdp_prov_nu,2021,56.0
gdp_prov_national_total,2022,277450.0
gdp_prov_nl,2022,10356.0
gdp_prov_pe,2022,111.0
gdp_prov_ns,2022,951.0
gdp_prov_nb,2022,1867.0
gdp_prov_qc,2022,17374.0
gdp_prov_on,2022,28014.0
gdp_prov_mb,2022,5425.0
gdp_prov_sk,2022,21530.0
gdp_prov_ab,2022,159126.0
gdp_prov_bc,2022,32228.0
gdp_prov_yt,2022,69.0
gdp_prov_nt,2022,338.0
gdp_prov_nu,2022,61.0
gdp_prov_national_total,2023,235330.0
gdp_prov_nl,2023,7288.0
gdp_prov_pe,2023,118.0
gdp_prov_ns,2023,973.0
gdp_prov_nb,2023,2021.0
gdp_prov_qc,2023,16449.0
gdp_prov_on,2023,27536.0
gdp_prov_mb,2023,4988.0
gdp_prov_sk,2023,20934.0
gdp_prov_ab,2023,131537.0
gdp_prov_bc,2023,23127.0
gdp_prov_yt,2023,74.0
gdp_prov_nt,2023,214.0
gdp_prov_nu,2023,71.0
gdp_prov_national_total,2024,231776.0
gdp_prov_nl,2024,7178.0
gdp_prov_pe,2024,116.0
gdp_prov_ns,2024,958.0
gdp_prov_nb,2024,1990.0
gdp_prov_qc,2024,16201.0
gdp_prov_on,2024,27120.0
gdp_prov_mb,2024,4913.0
gdp_prov_sk,2024,20618.0
gdp_prov_ab,2024,129551.0
gdp_prov_bc,2024,22778.0
gdp_prov_yt,2024,73.0
gdp_prov_nt,2024,211.0
gdp_prov_nu,2024,70.0
projects_oil_gas_value,2021,339.0
projects_oil_gas_count,2021,106.0
projects_electricity_value,2021,102.0
projects_electricity_count,2021,176.0
projects_other_value,2021,8.9
projects_other_count,2021,23.0
projects_total_value,2021,450.0
projects_total_count,2021,305.0
projects_oil_gas_value,2022,294.0
projects_oil_gas_count,2022,96.0
projects_electricity_value,2022,106.0
projects_electricity_count,2022,179.0
projects_other_value,2022,26.6
projects_other_count,2022,45.0
projects_total_value,2022,427.0
projects_total_count,2022,320.0
projects_oil_gas_value,2023,318.6
projects_oil_gas_count,2023,87.0
projects_electricity_value,2023,97.4
projects_electricity_count,2023,182.0
projects_other_value,2023,56.2
projects_other_count,2023,74.0
projects_total_value,2023,472.3
projects_total_count,2023,343.0
projects_oil_gas_value,2024,296.2
projects_oil_gas_count,2024,67.0
projects_electricity_value,2024,118.9
projects_electricity_count,2024,188.0
projects_other_value,2024,94.9
projects_other_count,2024,85.0
projects_total_value,2024,510.0
projects_total_count,2024,340.0
cleantech_total_count,2021,178.0
cleantech_total_value,2021,104.0
cleantech_hydro_count,2021,58.0
cleantech_hydro_value,2021,39.2
cleantech_wind_count,2021,41.0
cleantech_wind_value,2021,14.6
cleantech_biomass_count,2021,31.0
cleantech_biomass_value,2021,8.0
cleantech_solar_count,2021,22.0
cleantech_solar_value,2021,2.2
cleantech_nuclear_count,2021,4.0
cleantech_nuclear_value,2021,27.4
cleantech_ccs_count,2021,2.0
cleantech_ccs_value,2021,11.3
cleantech_geothermal_count,2021,5.0
cleantech_geothermal_value,2021,0.4
cleantech_tidal_count,2021,6.0
cleantech_tidal_value,2021,0.3
cleantech_storage_count,2021,0.0
cleantech_multiple_count,2021,1.0
cleantech_multiple_value,2021,0.03
cleantech_other_count,2021,8.0
cleantech_other_value,2021,0.5
cleantech_total_count,2022,197.0
cleantech_total_value,2022,118.0
cleantech_hydro_count,2022,63.0
cleantech_hydro_value,2022,44.8
cleantech_wind_count,2022,35.0
cleantech_wind_value,2022,13.4
cleantech_biomass_count,2022,35.0
cleantech_biomass_value,2022,9.4
cleantech_solar_count,2022,30.0
cleantech_solar_value,2022,3.0
cleantech_nuclear_count,2022,3.0
cleantech_nuclear_value,2022,26.1
cleantech_ccs_count,2022,6.0
cleantech_ccs_value,2022,15.5
cleantech_geothermal_count,2022,4.0
cleantech_geothermal_value,2022,0.4
cleantech_tidal_count,2022,7.0
cleantech_tidal_value,2022,0.4
cleantech_storage_count,2022,0.0
cleantech_multiple_count,2022,1.0
cleantech_multiple_value,2022,0.03
cleantech_other_count,2022,13.0
cleantech_other_value,2022,5.3
cleantech_total_count,2023,233.0
cleantech_total_value,2023,157.4
cleantech_hydro_count,2023,78.0
cleantech_hydro_value,2023,37.4
cleantech_wind_count,2023,32.0
cleantech_wind_value,2023,12.4
cleantech_biomass_count,2023,47.0
cleantech_biomass_value,2023,14.3
cleantech_solar_count,2023,31.0
cleantech_solar_value,2023,6.2
cleantech_nuclear_count,2023,2.0
cleantech_nuclear_value,2023,25.8
cleantech_ccs_count,2023,9.0
cleantech_ccs_value,2023,38.3
cleantech_geothermal_count,2023,4.0
cleantech_geothermal_value,2023,0.4
cleantech_tidal_count,2023,7.0
cleantech_tidal_value,2023,0.4
cleantech_storage_count,2023,0.0
cleantech_multiple_count,2023,1.0
cleantech_multiple_value,2023,0.03
cleantech_other_count,2023,22.0
cleantech_other_value,2023,22.1
cleantech_total_count,2024,215.0
cleantech_total_value,2024,194.2
cleantech_hydro_count,2024,58.0
cleantech_hydro_value,2024,30.4
cleantech_wind_count,2024,33.0
cleantech_wind_value,2024,26.8
cleantech_biomass_count,2024,41.0
cleantech_biomass_value,2024,12.6
cleantech_solar_count,2024,36.0
cleantech_solar_value,2024,8.8
cleantech_nuclear_count,2024,3.0
cleantech_nuclear_value,2024,51.8
cleantech_ccs_count,2024,8.0
cleantech_ccs_value,2024,38.3
cleantech_geothermal_count,2024,4.0
cleantech_geothermal_value,2024,0.4
cleantech_tidal_count,2024,4.0
cleantech_tidal_value,2024,0.2
cleantech_storage_count,2024,2.0
cleantech_storage_value,2024,1.1
cleantech_multiple_count,2024,1.0
cleantech_multiple_value,2024,0.03
cleantech_other_count,2024,25.0
cleantech_other_value,2024,23.8
cea_total,2012,351.9
cea_domestic,2012,279.9
cea_abroad,2012,72.0
cea_africa,2012,3.3
cea_asia,2012,1.0
cea_canada,2012,279.9
cea_europe,2012,8.3
cea_latin_america,2012,7.5
cea_north_america,2012,48.6
cea_oceania,2012,3.2
cea_total,2013,396.2
cea_domestic,2013,305.1
cea_abroad,2013,91.1
cea_africa,2013,3.5
cea_asia,2013,1.2
cea_canada,2013,305.1
cea_europe,2013,8.7
cea_latin_america,2013,12.6
cea_north_america,2013,62.0
cea_oceania,2013,3.1
cea_total,2014,458.9
cea_domestic,2014,339.7
cea_abroad,2014,119.1
cea_africa,2014,4.2
cea_asia,2014,1.2
cea_canada,2014,339.7
cea_europe,2014,11.2
cea_latin_america,2014,15.3
cea_north_america,2014,84.1
cea_oceania,2014,3.3
cea_total,2015,504.5
cea_domestic,2015,370.5
cea_abroad,2015,133.9
cea_africa,2015,4.6
cea_asia,2015,1.9
cea_canada,2015,370.5
cea_europe,2015,13.4
cea_latin_america,2015,10.3
cea_north_america,2015,100.2
cea_oceania,2015,3.5
cea_total,2016,560.1
cea_domestic,2016,389.4
cea_abroad,2016,170.6
cea_africa,2016,3.8
cea_asia,2016,3.2
cea_canada,2016,389.4
cea_europe,2016,13.7
cea_latin_america,2016,9.9
cea_north_america,2016,136.9
cea_oceania,2016,3.2
cea_total,2017,642.6
cea_domestic,2017,456.0
cea_abroad,2017,186.6
cea_africa,2017,3.2
cea_asia,2017,2.9
cea_canada,2017,456.0
cea_europe,2017,14.6
cea_latin_america,2017,9.1
cea_north_america,2017,153.6
cea_oceania,2017,3.2
cea_total,2018,676.6
cea_domestic,2018,457.1
cea_abroad,2018,219.5
cea_africa,2018,3.3
cea_asia,2018,2.8
cea_canada,2018,457.1
cea_europe,2018,16.8
cea_latin_america,2018,9.9
cea_north_america,2018,183.6
cea_oceania,2018,3.1
cea_total,2019,712.4
cea_domestic,2019,499.7
cea_abroad,2019,212.6
cea_africa,2019,3.2
cea_asia,2019,2.6
cea_canada,2019,499.7
cea_europe,2019,15.9
cea_latin_america,2019,10.4
cea_north_america,2019,177.9
cea_oceania,2019,2.8
cea_total,2020,694.9
cea_domestic,2020,479.9
cea_abroad,2020,215.0
cea_africa,2020,5.2
cea_asia,2020,1.9
cea_canada,2020,479.9
cea_europe,2020,14.2
cea_latin_america,2020,8.7
cea_north_america,2020,182.0
cea_oceania,2020,3.1
cea_total,2021,709.4
cea_domestic,2021,468.9
cea_abroad,2021,240.5
cea_africa,2021,8.7
cea_asia,2021,5.2
cea_canada,2021,468.9
cea_europe,2021,12.9
cea_latin_america,2021,11.3
cea_north_america,2021,199.6
cea_oceania,2021,2.8
cea_total,2022,755.5
cea_domestic,2022,499.5
cea_abroad,2022,256.0
cea_africa,2022,6.9
cea_asia,2022,5.4
cea_canada,2022,499.5
cea_europe,2022,9.8
cea_latin_america,2022,16.5
cea_north_america,2022,214.1
cea_oceania,2022,3.1
cea_total,2023,826.7
cea_domestic,2023,563.8
cea_abroad,2023,262.9
cea_africa,2023,3.2
cea_asia,2023,4.6
cea_canada,2023,563.8
cea_europe,2023,12.4
cea_latin_america,2023,16.9
cea_north_america,2023,222.4
cea_oceania,2023,3.5
energy_prod_world_total,2007,501964.64
energy_prod_canada_pj,2007,17619.78
energy_prod_canada_pct,2007,3.5
energy_prod_china_pj,2007,80458.16
energy_prod_china_pct,2007,16.0
energy_prod_china_rank,2007,1.0
energy_prod_united_states_pj,2007,69831.48
energy_prod_united_states_pct,2007,13.9
energy_prod_united_states_rank,2007,2.0
energy_prod_canada_rank,2007,3.0
energy_prod_india_pj,2007,16988.75
energy_prod_india_pct,2007,3.4
energy_prod_india_rank,2007,4.0
energy_prod_australia_pj,2007,11980.0
energy_prod_australia_pct,2007,2.4
energy_prod_australia_rank,2007,5.0
energy_prod_indonesia_pj,2007,11932.5
energy_prod_indonesia_pct,2007,2.4
energy_prod_indonesia_rank,2007,6.0
energy_prod_mexico_pj,2007,10503.29
energy_prod_mexico_pct,2007,2.1
energy_prod_mexico_rank,2007,7.0
energy_prod_norway_pj,2007,9022.2
energy_prod_norway_pct,2007,1.8
energy_prod_norway_rank,2007,8.0
energy_prod_brazil_pj,2007,9127.99
energy_prod_brazil_pct,2007,1.8
energy_prod_brazil_rank,2007,9.0
energy_prod_united_kingdom_pj,2007,7377.2
energy_prod_united_kingdom_pct,2007,1.5
energy_prod_united_kingdom_rank,2007,10.0
energy_prod_world_total,2008,512226.49
energy_prod_canada_pj,2008,17148.11
energy_prod_canada_pct,2008,3.3
energy_prod_china_pj,2008,82573.08
energy_prod_china_pct,2008,16.1
energy_prod_china_rank,2008,1.0
energy_prod_united_states_pj,2008,71207.08
energy_prod_united_states_pct,2008,13.9
energy_prod_united_states_rank,2008,2.0
energy_prod_india_pj,2008,17605.8
energy_prod_india_pct,2008,3.4
energy_prod_india_rank,2008,3.0
energy_prod_canada_rank,2008,4.0
energy_prod_indonesia_pj,2008,12130.33
energy_prod_indonesia_pct,2008,2.4
energy_prod_indonesia_rank,2008,5.0
energy_prod_australia_pj,2008,12007.68
energy_prod_australia_pct,2008,2.3
energy_prod_australia_rank,2008,6.0
energy_prod_mexico_pj,2008,9907.78
energy_prod_mexico_pct,2008,1.9
energy_prod_mexico_rank,2008,7.0
energy_prod_brazil_pj,2008,9621.69
energy_prod_brazil_pct,2008,1.9
energy_prod_brazil_rank,2008,8.0
energy_prod_norway_pj,2008,9220.54
energy_prod_norway_pct,2008,1.8
energy_prod_norway_rank,2008,9.0
energy_prod_united_kingdom_pj,2008,6973.69
energy_prod_united_kingdom_pct,2008,1.4
energy_prod_united_kingdom_rank,2008,10.0
energy_prod_world_total,2009,506714.21
energy_prod_canada_pj,2009,16455.59
energy_prod_canada_pct,2009,3.2
energy_prod_china_pj,2009,86077.85
energy_prod_china_pct,2009,17.0
energy_prod_china_rank,2009,1.0
energy_prod_united_states_pj,2009,70544.02
energy_prod_united_states_pct,2009,13.9
energy_prod_united_states_rank,2009,2.0
energy_prod_india_pj,2009,18968.27
energy_prod_india_pct,2009,3.7
energy_prod_india_rank,2009,3.0
energy_prod_canada_rank,2009,4.0
energy_prod_indonesia_pj,2009,13251.87
energy_prod_indonesia_pct,2009,2.6
energy_prod_indonesia_rank,2009,5.0
energy_prod_australia_pj,2009,12363.9
energy_prod_australia_pct,2009,2.4
energy_prod_australia_rank,2009,6.0
energy_prod_mexico_pj,2009,9396.03
energy_prod_mexico_pct,2009,1.9
energy_prod_mexico_rank,2009,7.0
energy_prod_brazil_pj,2009,9723.06
energy_prod_brazil_pct,2009,1.9
energy_prod_brazil_rank,2009,8.0
energy_prod_norway_pj,2009,9099.64
energy_prod_norway_pct,2009,1.8
energy_prod_norway_rank,2009,9.0
energy_prod_united_kingdom_pj,2009,6589.62
energy_prod_united_kingdom_pct,2009,1.3
energy_prod_united_kingdom_rank,2009,10.0
energy_prod_world_total,2010,531454.42
energy_prod_canada_pj,2010,16747.63
energy_prod_canada_pct,2010,3.2
energy_prod_china_pj,2010,93808.89
energy_prod_china_pct,2010,17.7
energy_prod_china_rank,2010,1.0
energy_prod_united_states_pj,2010,72159.98
energy_prod_united_states_pct,2010,13.6
energy_prod_united_states_rank,2010,2.0
energy_prod_india_pj,2010,19642.73
energy_prod_india_pct,2010,3.7
energy_prod_india_rank,2010,3.0
energy_prod_canada_rank,2010,4.0
energy_prod_indonesia_pj,2010,14631.36
energy_prod_indonesia_pct,2010,2.8
energy_prod_indonesia_rank,2010,5.0
energy_prod_australia_pj,2010,13538.3
energy_prod_australia_pct,2010,2.5
energy_prod_australia_rank,2010,6.0
energy_prod_brazil_pj,2010,10398.81
energy_prod_brazil_pct,2010,2.0
energy_prod_brazil_rank,2010,7.0
energy_prod_mexico_pj,2010,9317.22
energy_prod_mexico_pct,2010,1.8
energy_prod_mexico_rank,2010,8.0
energy_prod_norway_pj,2010,8724.96
energy_prod_norway_pct,2010,1.6
energy_prod_norway_rank,2010,9.0
energy_prod_united_kingdom_pj,2010,6192.08
energy_prod_united_kingdom_pct,2010,1.2
energy_prod_united_kingdom_rank,2010,10.0
energy_prod_world_total,2011,544811.8
energy_prod_canada_pj,2011,17319.32
energy_prod_canada_pct,2011,3.2
energy_prod_china_pj,2011,100053.06
energy_prod_china_pct,2011,18.4
energy_prod_china_rank,2011,1.0
energy_prod_united_states_pj,2011,74595.61
energy_prod_united_states_pct,2011,13.7
energy_prod_united_states_rank,2011,2.0
energy_prod_india_pj,2011,20112.82
energy_prod_india_pct,2011,3.7
energy_prod_india_rank,2011,3.0
energy_prod_canada_rank,2011,4.0
energy_prod_indonesia_pj,2011,16726.18
energy_prod_indonesia_pct,2011,3.1
energy_prod_indonesia_rank,2011,5.0
energy_prod_australia_pj,2011,13095.75
energy_prod_australia_pct,2011,2.4
energy_prod_australia_rank,2011,6.0
energy_prod_brazil_pj,2011,10478.87
energy_prod_brazil_pct,2011,1.9
energy_prod_brazil_rank,2011,7.0
energy_prod_mexico_pj,2011,9366.79
energy_prod_mexico_pct,2011,1.7
energy_prod_mexico_rank,2011,8.0
energy_prod_norway_pj,2011,8283.67
energy_prod_norway_pct,2011,1.5
energy_prod_norway_rank,2011,9.0
energy_prod_south_africa_pj,2011,6467.23
energy_prod_south_africa_pct,2011,1.2
energy_prod_south_africa_rank,2011,10.0
energy_prod_world_total,2012,552135.07
energy_prod_canada_pj,2012,17825.51
energy_prod_canada_pct,2012,3.2
energy_prod_china_pj,2012,100653.59
energy_prod_china_pct,2012,18.2
energy_prod_china_rank,2012,1.0
energy_prod_united_states_pj,2012,75884.63
energy_prod_united_states_pct,2012,13.7
energy_prod_united_states_rank,2012,2.0
energy_prod_india_pj,2012,20505.98
energy_prod_india_pct,2012,3.7
energy_prod_india_rank,2012,3.0
energy_prod_canada_rank,2012,4.0
energy_prod_indonesia_pj,2012,16975.31
energy_prod_indonesia_pct,2012,3.1
energy_prod_indonesia_rank,2012,5.0
energy_prod_australia_pj,2012,13437.12
energy_prod_australia_pct,2012,2.4
energy_prod_australia_rank,2012,6.0
energy_prod_brazil_pj,2012,10538.48
energy_prod_brazil_pct,2012,1.9
energy_prod_brazil_rank,2012,7.0
energy_prod_mexico_pj,2012,9149.18
energy_prod_mexico_pct,2012,1.7
energy_prod_mexico_rank,2012,8.0
energy_prod_norway_pj,2012,8566.69
energy_prod_norway_pct,2012,1.6
energy_prod_norway_rank,2012,9.0
energy_prod_south_africa_pj,2012,6568.62
energy_prod_south_africa_pct,2012,1.2
energy_prod_south_africa_rank,2012,10.0
energy_prod_world_total,2013,559627.42
energy_prod_canada_pj,2013,18646.64
energy_prod_canada_pct,2013,3.3
energy_prod_china_pj,2013,103358.24
energy_prod_china_pct,2013,18.5
energy_prod_china_rank,2013,1.0
energy_prod_united_states_pj,2013,78298.21
energy_prod_united_states_pct,2013,14.0
energy_prod_united_states_rank,2013,2.0
energy_prod_india_pj,2013,20747.68
energy_prod_india_pct,2013,3.7
energy_prod_india_rank,2013,3.0
energy_prod_canada_rank,2013,4.0
energy_prod_indonesia_pj,2013,17446.08
energy_prod_indonesia_pct,2013,3.1
energy_prod_indonesia_rank,2013,5.0
energy_prod_australia_pj,2013,14501.12
energy_prod_australia_pct,2013,2.6
energy_prod_australia_rank,2013,6.0
energy_prod_brazil_pj,2013,10618.6
energy_prod_brazil_pct,2013,1.9
energy_prod_brazil_rank,2013,7.0
energy_prod_mexico_pj,2013,9050.74
energy_prod_mexico_pct,2013,1.6
energy_prod_mexico_rank,2013,8.0
energy_prod_norway_pj,2013,8207.32
energy_prod_norway_pct,2013,1.5
energy_prod_norway_rank,2013,9.0
energy_prod_south_africa_pj,2013,6552.74
energy_prod_south_africa_pct,2013,1.2
energy_prod_south_africa_rank,2013,10.0
energy_prod_world_total,2014,567826.4
energy_prod_canada_pj,2014,19510.86
energy_prod_canada_pct,2014,3.4
energy_prod_china_pj,2014,105129.84
energy_prod_china_pct,2014,18.5
energy_prod_china_rank,2014,1.0
energy_prod_united_states_pj,2014,84037.93
energy_prod_united_states_pct,2014,14.8
energy_prod_united_states_rank,2014,2.0
energy_prod_india_pj,2014,21534.77
energy_prod_india_pct,2014,3.8
energy_prod_india_rank,2014,3.0
energy_prod_canada_rank,2014,4.0
energy_prod_indonesia_pj,2014,17101.41
energy_prod_indonesia_pct,2014,3.0
energy_prod_indonesia_rank,2014,5.0
energy_prod_australia_pj,2014,15411.32
energy_prod_australia_pct,2014,2.7
energy_prod_australia_rank,2014,6.0
energy_prod_brazil_pj,2014,11227.41
energy_prod_brazil_pct,2014,2.0
energy_prod_brazil_rank,2014,7.0
energy_prod_mexico_pj,2014,8721.67
energy_prod_mexico_pct,2014,1.5
energy_prod_mexico_rank,2014,8.0
energy_prod_norway_pj,2014,8296.8
energy_prod_norway_pct,2014,1.5
energy_prod_norway_rank,2014,9.0
energy_prod_south_africa_pj,2014,6629.68
energy_prod_south_africa_pct,2014,1.2
energy_prod_south_africa_rank,2014,10.0
energy_prod_world_total,2015,570133.68
energy_prod_canada_pj,2015,19681.45
energy_prod_canada_pct,2015,3.5
energy_prod_china_pj,2015,104932.15
energy_prod_china_pct,2015,18.4
energy_prod_china_rank,2015,1.0
energy_prod_united_states_pj,2015,84572.24
energy_prod_united_states_pct,2015,14.8
energy_prod_united_states_rank,2015,2.0
energy_prod_india_pj,2015,22065.66
energy_prod_india_pct,2015,3.9
energy_prod_india_rank,2015,3.0
energy_prod_canada_rank,2015,4.0
energy_prod_australia_pj,2015,16032.95
energy_prod_australia_pct,2015,2.8
energy_prod_australia_rank,2015,5.0
energy_prod_indonesia_pj,2015,16145.96
energy_prod_indonesia_pct,2015,2.8
energy_prod_indonesia_rank,2015,6.0
energy_prod_brazil_pj,2015,11682.88
energy_prod_brazil_pct,2015,2.0
energy_prod_brazil_rank,2015,7.0
energy_prod_norway_pj,2015,8815.7
energy_prod_norway_pct,2015,1.5
energy_prod_norway_rank,2015,8.0
energy_prod_mexico_pj,2015,7937.67
energy_prod_mexico_pct,2015,1.4
energy_prod_mexico_rank,2015,9.0
energy_prod_south_africa_pj,2015,6505.65
energy_prod_south_africa_pct,2015,1.1
energy_prod_south_africa_rank,2015,10.0
energy_prod_world_total,2016,568333.79
energy_prod_canada_pj,2016,20294.52
energy_prod_canada_pct,2016,3.6
energy_prod_china_pj,2016,98764.97
energy_prod_china_pct,2016,17.4
energy_prod_china_rank,2016,1.0
energy_prod_united_states_pj,2016,80083.86
energy_prod_united_states_pct,2016,14.1
energy_prod_united_states_rank,2016,2.0
energy_prod_india_pj,2016,22579.66
energy_prod_india_pct,2016,4.0
energy_prod_india_rank,2016,3.0
energy_prod_canada_rank,2016,4.0
energy_prod_australia_pj,2016,16204.17
energy_prod_australia_pct,2016,2.9
energy_prod_australia_rank,2016,5.0
energy_prod_indonesia_pj,2016,16455.65
energy_prod_indonesia_pct,2016,2.9
energy_prod_indonesia_rank,2016,6.0
energy_prod_brazil_pj,2016,11984.49
energy_prod_brazil_pct,2016,2.1
energy_prod_brazil_rank,2016,7.0
energy_prod_norway_pj,2016,8844.53
energy_prod_norway_pct,2016,1.6
energy_prod_norway_rank,2016,8.0
energy_prod_mexico_pj,2016,7554.18
energy_prod_mexico_pct,2016,1.3
energy_prod_mexico_rank,2016,9.0
energy_prod_south_africa_pj,2016,6515.56
energy_prod_south_africa_pct,2016,1.1
energy_prod_south_africa_rank,2016,10.0
energy_prod_world_total,2017,580623.74
energy_prod_canada_pj,2017,21625.24
energy_prod_canada_pct,2017,3.7
energy_prod_china_pj,2017,102727.34
energy_prod_china_pct,2017,17.7
energy_prod_china_rank,2017,1.0
energy_prod_united_states_pj,2017,83302.02
energy_prod_united_states_pct,2017,14.3
energy_prod_united_states_rank,2017,2.0
energy_prod_india_pj,2017,23047.83
energy_prod_india_pct,2017,4.0
energy_prod_india_rank,2017,3.0
energy_prod_canada_rank,2017,4.0
energy_prod_australia_pj,2017,16852.1
energy_prod_australia_pct,2017,2.9
energy_prod_australia_rank,2017,5.0
energy_prod_indonesia_pj,2017,16905.47
energy_prod_indonesia_pct,2017,2.9
energy_prod_indonesia_rank,2017,6.0
energy_prod_brazil_pj,2017,12387.87
energy_prod_brazil_pct,2017,2.1
energy_prod_brazil_rank,2017,7.0
energy_prod_norway_pj,2017,9107.23
energy_prod_norway_pct,2017,1.6
energy_prod_norway_rank,2017,8.0
energy_prod_mexico_pj,2017,6930.74
energy_prod_mexico_pct,2017,1.2
energy_prod_mexico_rank,2017,9.0
energy_prod_south_africa_pj,2017,6546.61
energy_prod_south_africa_pct,2017,1.1
energy_prod_south_africa_rank,2017,10.0
energy_prod_world_total,2018,600100.74
energy_prod_canada_pj,2018,22517.12
energy_prod_canada_pct,2018,3.8
energy_prod_china_pj,2018,108614.04
energy_prod_china_pct,2018,18.1
energy_prod_china_rank,2018,1.0
energy_prod_united_states_pj,2018,90224.91
energy_prod_united_states_pct,2018,15.0
energy_prod_united_states_rank,2018,2.0
energy_prod_india_pj,2018,24177.7
energy_prod_india_pct,2018,4.0
energy_prod_india_rank,2018,3.0
energy_prod_canada_rank,2018,4.0
energy_prod_indonesia_pj,2018,18383.85
energy_prod_indonesia_pct,2018,3.1
energy_prod_indonesia_rank,2018,5.0
energy_prod_australia_pj,2018,17403.14
energy_prod_australia_pct,2018,2.9
energy_prod_australia_rank,2018,6.0
energy_prod_brazil_pj,2018,12485.39
energy_prod_brazil_pct,2018,2.1
energy_prod_brazil_rank,2018,7.0
energy_prod_norway_pj,2018,8650.71
energy_prod_norway_pct,2018,1.4
energy_prod_norway_rank,2018,8.0
energy_prod_mexico_pj,2018,6677.71
energy_prod_mexico_pct,2018,1.1
energy_prod_mexico_rank,2018,9.0
energy_prod_south_africa_pj,2018,6506.5
energy_prod_south_africa_pct,2018,1.1
energy_prod_south_africa_rank,2018,10.0
energy_prod_world_total,2019,612055.58
energy_prod_canada_pj,2019,22590.31
energy_prod_canada_pct,2019,3.7
energy_prod_china_pj,2019,113463.49
energy_prod_china_pct,2019,18.5
energy_prod_china_rank,2019,1.0
energy_prod_united_states_pj,2019,96599.39
energy_prod_united_states_pct,2019,15.8
energy_prod_united_states_rank,2019,2.0
energy_prod_india_pj,2019,24223.12
energy_prod_india_pct,2019,4.0
energy_prod_india_rank,2019,3.0
energy_prod_canada_rank,2019,4.0
energy_prod_indonesia_pj,2019,19516.05
energy_prod_indonesia_pct,2019,3.2
energy_prod_indonesia_rank,2019,5.0
energy_prod_australia_pj,2019,18652.36
energy_prod_australia_pct,2019,3.0
energy_prod_australia_rank,2019,6.0
energy_prod_brazil_pj,2019,13126.53
energy_prod_brazil_pct,2019,2.1
energy_prod_brazil_rank,2019,7.0
energy_prod_norway_pj,2019,8149.11
energy_prod_norway_pct,2019,1.3
energy_prod_norway_rank,2019,8.0
energy_prod_south_africa_pj,2019,6505.61
energy_prod_south_africa_pct,2019,1.1
energy_prod_south_africa_rank,2019,9.0
energy_prod_mexico_pj,2019,6280.26
energy_prod_mexico_pct,2019,1.0
energy_prod_mexico_rank,2019,10.0
energy_prod_world_total,2020,588446.01
energy_prod_canada_pj,2020,21739.27
energy_prod_canada_pct,2020,3.7
energy_prod_china_pj,2020,116435.65
energy_prod_china_pct,2020,19.8
energy_prod_china_rank,2020,1.0
energy_prod_united_states_pj,2020,90360.8
energy_prod_united_states_pct,2020,15.4
energy_prod_united_states_rank,2020,2.0
energy_prod_india_pj,2020,23831.09
energy_prod_india_pct,2020,4.0
energy_prod_india_rank,2020,3.0
energy_prod_canada_rank,2020,4.0
energy_prod_australia_pj,2020,18949.78
energy_prod_australia_pct,2020,3.2
energy_prod_australia_rank,2020,5.0
energy_prod_indonesia_pj,2020,18497.38
energy_prod_indonesia_pct,2020,3.1
energy_prod_indonesia_rank,2020,6.0
energy_prod_brazil_pj,2020,13558.19
energy_prod_brazil_pct,2020,2.3
energy_prod_brazil_rank,2020,7.0
energy_prod_norway_pj,2020,8733.58
energy_prod_norway_pct,2020,1.5
energy_prod_norway_rank,2020,8.0
energy_prod_mexico_pj,2020,6452.91
energy_prod_mexico_pct,2020,1.1
energy_prod_mexico_rank,2020,9.0
energy_prod_south_africa_pj,2020,6283.71
energy_prod_south_africa_pct,2020,1.1
energy_prod_south_africa_rank,2020,10.0
energy_prod_world_total,2021,610639.12
energy_prod_canada_pj,2021,22552.31
energy_prod_canada_pct,2021,3.7
energy_prod_china_pj,2021,123846.27
energy_prod_china_pct,2021,20.3
energy_prod_china_rank,2021,1.0
energy_prod_united_states_pj,2021,92780.32
energy_prod_united_states_pct,2021,15.2
energy_prod_united_states_rank,2021,2.0
energy_prod_india_pj,2021,25512.5
energy_prod_india_pct,2021,4.2
energy_prod_india_rank,2021,3.0
energy_prod_canada_rank,2021,4.0
energy_prod_indonesia_pj,2021,19587.22
energy_prod_indonesia_pct,2021,3.2
energy_prod_indonesia_rank,2021,5.0
energy_prod_australia_pj,2021,17851.94
energy_prod_australia_pct,2021,2.9
energy_prod_australia_rank,2021,6.0
energy_prod_brazil_pj,2021,13209.98
energy_prod_brazil_pct,2021,2.2
energy_prod_brazil_rank,2021,7.0
energy_prod_norway_pj,2021,8954.46
energy_prod_norway_pct,2021,1.5
energy_prod_norway_rank,2021,8.0
energy_prod_mexico_pj,2021,6488.65
energy_prod_mexico_pct,2021,1.1
energy_prod_mexico_rank,2021,9.0
energy_prod_south_africa_pj,2021,5976.92
energy_prod_south_africa_pct,2021,1.0
energy_prod_south_africa_rank,2021,10.0
energy_prod_world_total,2022,630675.89
energy_prod_canada_pj,2022,23516.22
energy_prod_canada_pct,2022,3.7
energy_prod_china_pj,2022,130923.53
energy_prod_china_pct,2022,20.8
energy_prod_china_rank,2022,1.0
energy_prod_united_states_pj,2022,97156.2
energy_prod_united_states_pct,2022,15.4
energy_prod_united_states_rank,2022,2.0
energy_prod_india_pj,2022,28019.98
energy_prod_india_pct,2022,4.4
energy_prod_india_rank,2022,3.0
energy_prod_canada_rank,2022,4.0
energy_prod_indonesia_pj,2022,20871.89
energy_prod_indonesia_pct,2022,3.3
energy_prod_indonesia_rank,2022,5.0
energy_prod_australia_pj,2022,18248.39
energy_prod_australia_pct,2022,2.9
energy_prod_australia_rank,2022,6.0
energy_prod_brazil_pj,2022,13838.9
energy_prod_brazil_pct,2022,2.2
energy_prod_brazil_rank,2022,7.0
energy_prod_norway_pj,2022,9054.21
energy_prod_norway_pct,2022,1.4
energy_prod_norway_rank,2022,8.0
energy_prod_mexico_pj,2022,6602.39
energy_prod_mexico_pct,2022,1.0
energy_prod_mexico_rank,2022,9.0
energy_prod_south_africa_pj,2022,5846.15
energy_prod_south_africa_pct,2022,0.9
energy_prod_south_africa_rank,2022,10.0
energy_prod_world_total,2023,642946.79
energy_prod_canada_pj,2023,23792.63
energy_prod_canada_pct,2023,3.7
energy_prod_china_pj,2023,135670.91
energy_prod_china_pct,2023,21.1
energy_prod_china_rank,2023,1.0
energy_prod_united_states_pj,2023,101586.24
energy_prod_united_states_pct,2023,15.8
energy_prod_united_states_rank,2023,2.0
energy_prod_india_pj,2023,29639.91
energy_prod_india_pct,2023,4.6
energy_prod_india_rank,2023,3.0
energy_prod_canada_rank,2023,4.0
energy_prod_indonesia_pj,2023,22988.35
energy_prod_indonesia_pct,2023,3.6
energy_prod_indonesia_rank,2023,5.0
energy_prod_australia_pj,2023,17675.59
energy_prod_australia_pct,2023,2.7
energy_prod_australia_rank,2023,6.0
energy_prod_brazil_pj,2023,15207.29
energy_prod_brazil_pct,2023,2.4
energy_prod_brazil_rank,2023,7.0
energy_prod_norway_pj,2023,9094.78
energy_prod_norway_pct,2023,1.4
energy_prod_norway_rank,2023,8.0
energy_prod_mexico_pj,2023,6753.07
energy_prod_mexico_pct,2023,1.1
energy_prod_mexico_rank,2023,9.0
energy_prod_south_africa_pj,2023,5869.09
energy_prod_south_africa_pct,2023,0.9
energy_prod_south_africa_rank,2023,10.0
energy_prod_canada_growth_since_2005,2007,5.0
energy_prod_world_growth_since_2005,2007,5.0
energy_prod_canada_growth_since_2005,2008,2.0
energy_prod_world_growth_since_2005,2008,7.0
energy_prod_canada_growth_since_2005,2009,-2.0
energy_prod_world_growth_since_2005,2009,6.0
energy_prod_canada_growth_since_2005,2010,-0.0
energy_prod_world_growth_since_2005,2010,11.0
energy_prod_canada_growth_since_2005,2011,3.0
energy_prod_world_growth_since_2005,2011,14.0
energy_prod_canada_growth_since_2005,2012,6.0
energy_prod_world_growth_since_2005,2012,15.0
energy_prod_canada_growth_since_2005,2013,11.0
energy_prod_world_growth_since_2005,2013,17.0
energy_prod_canada_growth_since_2005,2014,16.0
energy_prod_world_growth_since_2005,2014,18.0
energy_prod_canada_growth_since_2005,2015,17.0
energy_prod_world_growth_since_2005,2015,19.0
energy_prod_canada_growth_since_2005,2016,21.0
energy_prod_world_growth_since_2005,2016,19.0
energy_prod_canada_growth_since_2005,2017,29.0
energy_prod_world_growth_since_2005,2017,21.0
energy_prod_canada_growth_since_2005,2018,34.0
energy_prod_world_growth_since_2005,2018,25.0
energy_prod_canada_growth_since_2005,2019,35.0
energy_prod_world_growth_since_2005,2019,28.0
energy_prod_canada_growth_since_2005,2020,30.0
energy_prod_world_growth_since_2005,2020,23.0
energy_prod_canada_growth_since_2005,2021,35.0
energy_prod_world_growth_since_2005,2021,27.0
energy_prod_canada_growth_since_2005,2022,40.0
energy_prod_world_growth_since_2005,2022,32.0
energy_prod_canada_growth_since_2005,2023,42.0
energy_prod_world_growth_since_2005,2023,34.0
ghg_oil_gas,2000,177.6
ghg_oil_gas,2001,180.7
ghg_oil_gas,2002,186.1
ghg_oil_gas,2003,189.7
ghg_oil_gas,2004,190.9
ghg_oil_gas,2005,194.5
ghg_oil_gas,2006,202.2
ghg_oil_gas,2007,206.5
ghg_oil_gas,2008,202.8
ghg_oil_gas,2009,197.9
ghg_oil_gas,2010,203.4
ghg_oil_gas,2011,210.1
ghg_oil_gas,2012,216.2
ghg_oil_gas,2013,223.0
ghg_oil_gas,2014,227.7
ghg_oil_gas,2015,226.0
ghg_oil_gas,2016,208.0
ghg_oil_gas,2017,216.5
ghg_oil_gas,2018,223.1
ghg_oil_gas,2019,222.4
ghg_oil_gas,2020,204.4
ghg_oil_gas,2021,211.1
ghg_oil_gas,2022,209.4
ghg_oil_gas,2023,208.0
ghg_electricity,2000,128.4
ghg_electricity,2001,128.7
ghg_electricity,2002,123.1
ghg_electricity,2003,126.9
ghg_electricity,2004,118.1
ghg_electricity,2005,115.9
ghg_electricity,2006,111.2
ghg_electricity,2007,117.9
ghg_electricity,2008,108.3
ghg_electricity,2009,93.2
ghg_electricity,2010,94.7
ghg_electricity,2011,85.9
ghg_electricity,2012,82.4
ghg_electricity,2013,79.8
ghg_electricity,2014,75.2
ghg_electricity,2015,74.5
ghg_electricity,2016,75.2
ghg_electricity,2017,72.5
ghg_electricity,2018,62.6
ghg_electricity,2019,61.6
ghg_electricity,2020,53.8
ghg_electricity,2021,52.5
ghg_electricity,2022,49.0
ghg_electricity,2023,48.8
ghg_transportation,2000,141.6
ghg_transportation,2001,141.8
ghg_transportation,2002,143.9
ghg_transportation,2003,149.0
ghg_transportation,2004,153.7
ghg_transportation,2005,156.2
ghg_transportation,2006,157.1
ghg_transportation,2007,162.0
ghg_transportation,2008,162.6
ghg_transportation,2009,161.5
ghg_transportation,2010,165.0
ghg_transportation,2011,163.9
ghg_transportation,2012,164.1
ghg_transportation,2013,166.7
ghg_transportation,2014,164.3
ghg_transportation,2015,162.3
ghg_transportation,2016,161.9
ghg_transportation,2017,164.9
ghg_transportation,2018,168.9
ghg_transportation,2019,169.0
ghg_transportation,2020,142.1
ghg_transportation,2021,148.6
ghg_transportation,2022,155.1
ghg_transportation,2023,156.6
ghg_heavy_industry,2000,97.0
ghg_heavy_industry,2001,91.7
ghg_heavy_industry,2002,92.0
ghg_heavy_industry,2003,90.6
ghg_heavy_industry,2004,92.8
ghg_heavy_industry,2005,87.8
ghg_heavy_industry,2006,87.8
ghg_heavy_industry,2007,85.9
ghg_heavy_industry,2008,84.2
ghg_heavy_industry,2009,71.1
ghg_heavy_industry,2010,74.9
ghg_heavy_industry,2011,81.1
ghg_heavy_industry,2012,81.2
ghg_heavy_industry,2013,79.9
ghg_heavy_industry,2014,82.1
ghg_heavy_industry,2015,79.7
ghg_heavy_industry,2016,76.8
ghg_heavy_industry,2017,77.6
ghg_heavy_industry,2018,79.7
ghg_heavy_industry,2019,79.3
ghg_heavy_industry,2020,75.4
ghg_heavy_industry,2021,78.1
ghg_heavy_industry,2022,78.1
ghg_heavy_industry,2023,78.3
ghg_buildings,2000,83.6
ghg_buildings,2001,80.3
ghg_buildings,2002,84.7
ghg_buildings,2003,89.9
ghg_buildings,2004,88.5
ghg_buildings,2005,84.6
ghg_buildings,2006,79.5
ghg_buildings,2007,85.3
ghg_buildings,2008,85.2
ghg_buildings,2009,83.6
ghg_buildings,2010,81.3
ghg_buildings,2011,85.7
ghg_buildings,2012,84.2
ghg_buildings,2013,85.2
ghg_buildings,2014,85.7
ghg_buildings,2015,84.7
ghg_buildings,2016,85.7
ghg_buildings,2017,87.9
ghg_buildings,2018,91.9
ghg_buildings,2019,93.8
ghg_buildings,2020,88.2
ghg_buildings,2021,84.8
ghg_buildings,2022,88.3
ghg_buildings,2023,82.7
ghg_agriculture,2000,62.2
ghg_agriculture,2001,61.9
ghg_agriculture,2002,61.8
ghg_agriculture,2003,63.6
ghg_agriculture,2004,64.7
ghg_agriculture,2005,65.7
ghg_agriculture,2006,64.3
ghg_agriculture,2007,64.2
ghg_agriculture,2008,63.6
ghg_agriculture,2009,60.6
ghg_agriculture,2010,60.6
ghg_agriculture,2011,61.5
ghg_agriculture,2012,63.4
ghg_agriculture,2013,65.2
ghg_agriculture,2014,64.3
ghg_agriculture,2015,65.7
ghg_agriculture,2016,66.7
ghg_agriculture,2017,67.3
ghg_agriculture,2018,69.0
ghg_agriculture,2019,69.3
ghg_agriculture,2020,70.1
ghg_agriculture,2021,69.3
ghg_agriculture,2022,70.1
ghg_agriculture,2023,69.4
ghg_waste_others,2000,55.7
ghg_waste_others,2001,53.8
ghg_waste_others,2002,54.1
ghg_waste_others,2003,53.9
ghg_waste_others,2004,54.9
ghg_waste_others,2005,54.0
ghg_waste_others,2006,52.8
ghg_waste_others,2007,52.6
ghg_waste_others,2008,51.1
ghg_waste_others,2009,46.4
ghg_waste_others,2010,48.1
ghg_waste_others,2011,49.5
ghg_waste_others,2012,49.6
ghg_waste_others,2013,50.3
ghg_waste_others,2014,48.2
ghg_waste_others,2015,49.2
ghg_waste_others,2016,50.5
ghg_waste_others,2017,51.0
ghg_waste_others,2018,51.8
ghg_waste_others,2019,52.0
ghg_waste_others,2020,48.2
ghg_waste_others,2021,49.2
ghg_waste_others,2022,49.9
ghg_waste_others,2023,50.2
asset_hydraulic_billions,2009,3.28
asset_hydraulic_billions,2010,3.53
asset_hydraulic_billions,2011,3.48
asset_hydraulic_billions,2012,3.97
asset_hydraulic_billions,2013,4.22
asset_hydraulic_billions,2014,4.44
asset_hydraulic_billions,2015,4.16
asset_hydraulic_billions,2016,4.25
asset_hydraulic_billions,2017,4.66
asset_hydraulic_billions,2018,4.72
asset_hydraulic_billions,2019,4.97
asset_hydraulic_billions,2020,4.69
asset_hydraulic_billions,2021,4.46
asset_hydraulic_billions,2022,4.01
asset_hydraulic_billions,2023,4.75
asset_hydraulic_billions,2024,5.28
asset_nuclear_billions,2009,0.6
asset_nuclear_billions,2010,0.6
asset_nuclear_billions,2011,0.63
asset_nuclear_billions,2012,0.57
asset_nuclear_billions,2013,0.64
asset_nuclear_billions,2014,0.72
asset_nuclear_billions,2015,0.17
asset_nuclear_billions,2016,0.38
asset_nuclear_billions,2017,0.73
asset_nuclear_billions,2018,1.81
asset_nuclear_billions,2019,1.81
asset_nuclear_billions,2020,1.96
asset_nuclear_billions,2021,1.61
asset_nuclear_billions,2022,1.49
asset_nuclear_billions,2023,1.66
asset_nuclear_billions,2024,2.46
asset_other_electric_billions,2009,0.04
asset_other_electric_billions,2010,0.04
asset_other_electric_billions,2011,0.04
asset_other_electric_billions,2012,0.04
asset_other_electric_billions,2013,0.05
asset_other_electric_billions,2014,0.05
asset_other_electric_billions,2015,0.06
asset_other_electric_billions,2016,0.08
asset_other_electric_billions,2017,0.03
asset_other_electric_billions,2018,0.05
asset_other_electric_billions,2019,0.1
asset_other_electric_billions,2020,0.05
asset_other_electric_billions,2021,0.09
asset_other_electric_billions,2022,0.11
asset_other_electric_billions,2023,0.14
asset_other_electric_billions,2024,0.16
asset_pipelines_billions,2009,3.23
asset_pipelines_billions,2010,1.75
asset_pipelines_billions,2011,1.98
asset_pipelines_billions,2012,2.87
asset_pipelines_billions,2013,5.46
asset_pipelines_billions,2014,5.34
asset_pipelines_billions,2015,4.87
asset_pipelines_billions,2016,4.87
asset_pipelines_billions,2017,5.56
asset_pipelines_billions,2018,5.53
asset_pipelines_billions,2019,6.78
asset_pipelines_billions,2020,9.58
asset_pipelines_billions,2021,10.49
asset_pipelines_billions,2022,14.95
asset_pipelines_billions,2023,11.31
asset_pipelines_billions,2024,6.93
asset_steam_thermal_billions,2009,0.33
asset_steam_thermal_billions,2010,0.43
asset_steam_thermal_billions,2011,0.36
asset_steam_thermal_billions,2012,0.35
asset_steam_thermal_billions,2013,0.41
asset_steam_thermal_billions,2014,0.45
asset_steam_thermal_billions,2015,0.41
asset_steam_thermal_billions,2016,0.34
asset_steam_thermal_billions,2017,0.41
asset_steam_thermal_billions,2018,0.93
asset_steam_thermal_billions,2019,0.34
asset_steam_thermal_billions,2020,0.96
asset_steam_thermal_billions,2021,1.14
asset_steam_thermal_billions,2022,0.66
asset_steam_thermal_billions,2023,0.93
asset_steam_thermal_billions,2024,1.13
asset_total_billions,2009,17.63
asset_total_billions,2010,17.94
asset_total_billions,2011,17.9
asset_total_billions,2012,19.37
asset_total_billions,2013,25.42
asset_total_billions,2014,26.4
asset_total_billions,2015,23.64
asset_total_billions,2016,24.02
asset_total_billions,2017,24.46
asset_total_billions,2018,23.14
asset_total_billions,2019,24.01
asset_total_billions,2020,26.57
asset_total_billions,2021,27.59
asset_total_billions,2022,30.56
asset_total_billions,2023,30.49
asset_total_billions,2024,30.35
asset_transmission_distribution_billions,2009,9.7
asset_transmission_distribution_billions,2010,11.0
asset_transmission_distribution_billions,2011,10.88
asset_transmission_distribution_billions,2012,11.05
asset_transmission_distribution_billions,2013,13.98
asset_transmission_distribution_billions,2014,14.73
asset_transmission_distribution_billions,2015,13.16
asset_transmission_distribution_billions,2016,13.11
asset_transmission_distribution_billions,2017,12.71
asset_transmission_distribution_billions,2018,9.42
asset_transmission_distribution_billions,2019,8.75
asset_transmission_distribution_billions,2020,8.68
asset_transmission_distribution_billions,2021,8.69
asset_transmission_distribution_billions,2022,7.95
asset_transmission_distribution_billions,2023,9.89
asset_transmission_distribution_billions,2024,12.35
asset_wind_solar_billions,2009,0.46
asset_wind_solar_billions,2010,0.59
asset_wind_solar_billions,2011,0.52
asset_wind_solar_billions,2012,0.51
asset_wind_solar_billions,2013,0.66
asset_wind_solar_billions,2014,0.67
asset_wind_solar_billions,2015,0.81
asset_wind_solar_billions,2016,1.0
asset_wind_solar_billions,2017,0.36
asset_wind_solar_billions,2018,0.69
asset_wind_solar_billions,2019,1.26
asset_wind_solar_billions,2020,0.65
asset_wind_solar_billions,2021,1.11
asset_wind_solar_billions,2022,1.4
asset_wind_solar_billions,2023,1.8
asset_wind_solar_billions,2024,2.05
capex_electricity_billions,2007,13.23
capex_electricity_billions,2008,14.68
capex_electricity_billions,2009,17.07
capex_electricity_billions,2010,18.02
capex_electricity_billions,2011,19.19
capex_electricity_billions,2012,19.92
capex_electricity_billions,2013,24.3
capex_electricity_billions,2014,25.53
capex_electricity_billions,2015,23.94
capex_electricity_billions,2016,23.51
capex_electricity_billions,2017,23.86
capex_electricity_billions,2018,21.56
capex_electricity_billions,2019,22.16
capex_electricity_billions,2020,21.52
capex_electricity_billions,2021,24.62
capex_electricity_billions,2022,25.58
capex_electricity_billions,2023,28.63
capex_electricity_billions,2024,31.98
capex_electricity_billions,2025,34.47
capex_electricity_pct,2007,20.9
capex_electricity_pct,2008,20.5
capex_electricity_pct,2009,31.7
capex_electricity_pct,2010,26.5
capex_electricity_pct,2011,23.6
capex_electricity_pct,2012,22.2
capex_electricity_pct,2013,23.2
capex_electricity_pct,2014,21.8
capex_electricity_pct,2015,26.4
capex_electricity_pct,2016,31.9
capex_electricity_pct,2017,31.1
capex_electricity_pct,2018,29.8
capex_electricity_pct,2019,31.2
capex_electricity_pct,2020,36.9
capex_electricity_pct,2021,36.3
capex_electricity_pct,2022,29.5
capex_electricity_pct,2023,30.5
capex_electricity_pct,2024,35.8
capex_electricity_pct,2025,37.0
capex_oil_gas_billions,2007,41.26
capex_oil_gas_billions,2008,44.86
capex_oil_gas_billions,2009,26.94
capex_oil_gas_billions,2010,42.97
capex_oil_gas_billions,2011,52.17
capex_oil_gas_billions,2012,58.78
capex_oil_gas_billions,2013,65.07
capex_oil_gas_billions,2014,76.07
capex_oil_gas_billions,2015,51.06
capex_oil_gas_billions,2016,37.6
capex_oil_gas_billions,2017,40.25
capex_oil_gas_billions,2018,37.05
capex_oil_gas_billions,2019,33.92
capex_oil_gas_billions,2020,21.8
capex_oil_gas_billions,2021,24.69
capex_oil_gas_billions,2022,35.03
capex_oil_gas_billions,2023,39.2
capex_oil_gas_billions,2024,42.99
capex_oil_gas_billions,2025,46.01
capex_oil_gas_pct,2007,65.3
capex_oil_gas_pct,2008,62.6
capex_oil_gas_pct,2009,50.0
capex_oil_gas_pct,2010,63.1
capex_oil_gas_pct,2011,64.1
capex_oil_gas_pct,2012,65.6
capex_oil_gas_pct,2013,62.3
capex_oil_gas_pct,2014,64.9
capex_oil_gas_pct,2015,56.3
capex_oil_gas_pct,2016,51.0
capex_oil_gas_pct,2017,52.4
capex_oil_gas_pct,2018,51.2
capex_oil_gas_pct,2019,47.7
capex_oil_gas_pct,2020,37.4
capex_oil_gas_pct,2021,36.4
capex_oil_gas_pct,2022,40.4
capex_oil_gas_pct,2023,41.8
capex_oil_gas_pct,2024,48.1
capex_oil_gas_pct,2025,49.4
capex_other_billions,2007,8.71
capex_other_billions,2008,12.18
capex_other_billions,2009,9.83
capex_other_billions,2010,7.13
capex_other_billions,2011,10.02
capex_other_billions,2012,10.93
capex_other_billions,2013,15.16
capex_other_billions,2014,15.66
capex_other_billions,2015,15.73
capex_other_billions,2016,12.66
capex_other_billions,2017,12.66
capex_other_billions,2018,13.76
capex_other_billions,2019,14.99
capex_other_billions,2020,15.05
capex_other_billions,2021,18.48
capex_other_billions,2022,26.03
capex_other_billions,2023,25.92
capex_other_billions,2024,14.47
capex_other_billions,2025,12.63
capex_other_pct,2007,13.8
capex_other_pct,2008,17.0
capex_other_pct,2009,18.3
capex_other_pct,2010,10.5
capex_other_pct,2011,12.3
capex_other_pct,2012,12.2
capex_other_pct,2013,14.5
capex_other_pct,2014,13.4
capex_other_pct,2015,17.3
capex_other_pct,2016,17.2
capex_other_pct,2017,16.5
capex_other_pct,2018,19.0
capex_other_pct,2019,21.1
capex_other_pct,2020,25.8
capex_other_pct,2021,27.3
capex_other_pct,2022,30.0
capex_other_pct,2023,27.6
capex_other_pct,2024,16.2
capex_other_pct,2025,13.6
capex_total_billions,2007,63.2
capex_total_billions,2008,71.72
capex_total_billions,2009,53.84
capex_total_billions,2010,68.11
capex_total_billions,2011,81.38
capex_total_billions,2012,89.63
capex_total_billions,2013,104.54
capex_total_billions,2014,117.25
capex_total_billions,2015,90.74
capex_total_billions,2016,73.77
capex_total_billions,2017,76.77
capex_total_billions,2018,72.37
capex_total_billions,2019,71.06
capex_total_billions,2020,58.38
capex_total_billions,2021,67.78
capex_total_billions,2022,86.64
capex_total_billions,2023,93.75
capex_total_billions,2024,89.44
capex_total_billions,2025,93.11
econ_employment_income_billions,2007,4.14
econ_employment_income_billions,2008,5.69
econ_employment_income_billions,2009,5.98
econ_employment_income_billions,2010,5.97
econ_employment_income_billions,2011,6.34
econ_employment_income_billions,2012,7.23
econ_employment_income_billions,2013,9.85
econ_employment_income_billions,2014,10.25
econ_employment_income_billions,2015,9.83
econ_employment_income_billions,2016,9.82
econ_employment_income_billions,2017,10.12
econ_employment_income_billions,2018,9.84
econ_employment_income_billions,2019,10.63
econ_employment_income_billions,2020,12.02
econ_employment_income_billions,2021,13.05
econ_employment_income_billions,2022,16.29
econ_employment_income_billions,2023,15.93
econ_employment_income_billions,2024,15.48
econ_gdp_billions,2007,8.5
econ_gdp_billions,2008,11.13
econ_gdp_billions,2009,11.76
econ_gdp_billions,2010,12.05
econ_gdp_billions,2011,12.53
econ_gdp_billions,2012,13.88
econ_gdp_billions,2013,18.56
econ_gdp_billions,2014,19.48
econ_gdp_billions,2015,17.61
econ_gdp_billions,2016,18.14
econ_gdp_billions,2017,18.8
econ_gdp_billions,2018,18.37
econ_gdp_billions,2019,19.35
econ_gdp_billions,2020,21.41
econ_gdp_billions,2021,23.84
econ_gdp_billions,2022,28.92
econ_gdp_billions,2023,29.33
econ_gdp_billions,2024,29.98
econ_investment_value_billions,2007,60.2
econ_investment_value_billions,2008,69.0
econ_investment_value_billions,2009,51.79
econ_investment_value_billions,2010,66.48
econ_investment_value_billions,2011,77.98
econ_investment_value_billions,2012,87.01
econ_investment_value_billions,2013,100.8
econ_investment_value_billions,2014,114.01
econ_investment_value_billions,2015,88.18
econ_investment_value_billions,2016,72.81
econ_investment_value_billions,2017,75.44
econ_investment_value_billions,2018,71.06
econ_investment_value_billions,2019,69.93
econ_investment_value_billions,2020,57.84
econ_investment_value_billions,2021,66.56
econ_investment_value_billions,2022,85.08
econ_investment_value_billions,2023,91.63
econ_investment_value_billions,2024,87.71
econ_jobs_thousands,2007,65.6
econ_jobs_thousands,2008,88.8
econ_jobs_thousands,2009,92.7
econ_jobs_thousands,2010,93.1
econ_jobs_thousands,2011,95.4
econ_jobs_thousands,2012,104.0
econ_jobs_thousands,2013,139.8
econ_jobs_thousands,2014,143.9
econ_jobs_thousands,2015,131.5
econ_jobs_thousands,2016,128.4
econ_jobs_thousands,2017,126.3
econ_jobs_thousands,2018,118.1
econ_jobs_thousands,2019,125.2
econ_jobs_thousands,2020,134.6
econ_jobs_thousands,2021,145.1
econ_jobs_thousands,2022,181.5
econ_jobs_thousands,2023,177.7
econ_jobs_thousands,2024,172.5
enviro_all_industries_total_billions,2018,9.67
enviro_all_industries_total_billions,2019,8.89
enviro_all_industries_total_billions,2020,9.87
enviro_all_industries_total_billions,2021,10.58
enviro_all_industries_total_billions,2022,11.84
enviro_all_industries_total_billions,2023,11.89
enviro_electric_total_billions,2018,0.69
enviro_electric_total_billions,2019,0.64
enviro_electric_total_billions,2020,0.66
enviro_electric_total_billions,2021,0.69
enviro_electric_total_billions,2022,0.66
enviro_electric_total_billions,2023,0.87
enviro_natural_gas_total_billions,2018,0.09
enviro_natural_gas_total_billions,2019,0.04
enviro_natural_gas_total_billions,2020,0.04
enviro_natural_gas_total_billions,2021,0.04
enviro_natural_gas_total_billions,2022,0.04
enviro_natural_gas_total_billions,2023,0.06
enviro_oil_gas_total_billions,2018,3.59
enviro_oil_gas_total_billions,2019,3.05
enviro_oil_gas_total_billions,2020,2.59
enviro_oil_gas_total_billions,2021,3.18
enviro_oil_gas_total_billions,2022,3.99
enviro_oil_gas_total_billions,2023,4.03
enviro_petroleum_total_billions,2018,0.42
enviro_petroleum_total_billions,2019,0.5
enviro_petroleum_total_billions,2020,0.32
enviro_petroleum_total_billions,2021,0.42
enviro_petroleum_total_billions,2022,0.43
enviro_petroleum_total_billions,2023,1.12
gdp_nominal_direct_billions,2022,277.0
gdp_nominal_direct_billions,2023,235.0
gdp_nominal_direct_billions,2024,232.0
gdp_nominal_electricity_billions,2022,49.0
gdp_nominal_electricity_billions,2023,50.0
gdp_nominal_electricity_billions,2024,52.0
gdp_nominal_indirect_billions,2022,58.0
gdp_nominal_indirect_billions,2023,51.0
gdp_nominal_indirect_billions,2024,50.0
gdp_nominal_market_billions,2022,2773.0
gdp_nominal_market_billions,2023,2765.0
gdp_nominal_market_billions,2024,2879.0
gdp_nominal_other_billions,2022,14.0
gdp_nominal_other_billions,2023,13.0
gdp_nominal_other_billions,2024,12.0
gdp_nominal_petroleum_billions,2022,215.0
gdp_nominal_petroleum_billions,2023,172.0
gdp_nominal_petroleum_billions,2024,168.0
gdp_nominal_total_billions,2022,335.0
gdp_nominal_total_billions,2023,286.0
gdp_nominal_total_billions,2024,282.0
infra_education_billions,2007,67.77
infra_education_billions,2008,74.92
infra_education_billions,2009,74.26
infra_education_billions,2010,78.31
infra_education_billions,2011,83.67
infra_education_billions,2012,87.6
infra_education_billions,2013,88.8
infra_education_billions,2014,91.47
infra_education_billions,2015,94.29
infra_education_billions,2016,97.42
infra_education_billions,2017,103.18
infra_education_billions,2018,110.71
infra_education_billions,2019,115.81
infra_education_billions,2020,118.88
infra_education_billions,2021,129.69
infra_education_billions,2022,145.47
infra_education_billions,2023,156.62
infra_education_billions,2024,166.39
infra_education_pct,2007,14.7
infra_education_pct,2008,14.5
infra_education_pct,2009,13.8
infra_education_pct,2010,13.6
infra_education_pct,2011,13.4
infra_education_pct,2012,13.1
infra_education_pct,2013,12.6
infra_education_pct,2014,12.3
infra_education_pct,2015,12.0
infra_education_pct,2016,12.0
infra_education_pct,2017,12.2
infra_education_pct,2018,12.3
infra_education_pct,2019,12.3
infra_education_pct,2020,12.3
infra_education_pct,2021,12.0
infra_education_pct,2022,11.9
infra_education_pct,2023,12.2
infra_education_pct,2024,12.3
infra_environmental_billions,2007,35.19
infra_environmental_billions,2008,38.62
infra_environmental_billions,2009,41.01
infra_environmental_billions,2010,43.37
infra_environmental_billions,2011,45.8
infra_environmental_billions,2012,48.24
infra_environmental_billions,2013,49.68
infra_environmental_billions,2014,52.01
infra_environmental_billions,2015,54.9
infra_environmental_billions,2016,57.3
infra_environmental_billions,2017,58.3
infra_environmental_billions,2018,60.12
infra_environmental_billions,2019,61.64
infra_environmental_billions,2020,62.05
infra_environmental_billions,2021,66.92
infra_environmental_billions,2022,72.88
infra_environmental_billions,2023,74.34
infra_environmental_billions,2024,76.58
infra_environmental_pct,2007,7.6
infra_environmental_pct,2008,7.5
infra_environmental_pct,2009,7.6
infra_environmental_pct,2010,7.5
infra_environmental_pct,2011,7.3
infra_environmental_pct,2012,7.2
infra_environmental_pct,2013,7.1
infra_environmental_pct,2014,7.0
infra_environmental_pct,2015,7.0
infra_environmental_pct,2016,7.1
infra_environmental_pct,2017,6.9
infra_environmental_pct,2018,6.7
infra_environmental_pct,2019,6.5
infra_environmental_pct,2020,6.4
infra_environmental_pct,2021,6.2
infra_environmental_pct,2022,6.0
infra_environmental_pct,2023,5.8
infra_environmental_pct,2024,5.7
infra_fuel_energy_pipelines_billions,2007,117.19
infra_fuel_energy_pipelines_billions,2008,131.11
infra_fuel_energy_pipelines_billions,2009,141.15
infra_fuel_energy_pipelines_billions,2010,150.25
infra_fuel_energy_pipelines_billions,2011,160.82
infra_fuel_energy_pipelines_billions,2012,173.18
infra_fuel_energy_pipelines_billions,2013,189.48
infra_fuel_energy_pipelines_billions,2014,208.4
infra_fuel_energy_pipelines_billions,2015,224.83
infra_fuel_energy_pipelines_billions,2016,236.07
infra_fuel_energy_pipelines_billions,2017,247.77
infra_fuel_energy_pipelines_billions,2018,264.57
infra_fuel_energy_pipelines_billions,2019,277.56
infra_fuel_energy_pipelines_billions,2020,288.36
infra_fuel_energy_pipelines_billions,2021,325.69
infra_fuel_energy_pipelines_billions,2022,375.93
infra_fuel_energy_pipelines_billions,2023,396.01
infra_fuel_energy_pipelines_billions,2024,419.64
infra_fuel_energy_pipelines_pct,2007,25.4
infra_fuel_energy_pipelines_pct,2008,25.4
infra_fuel_energy_pipelines_pct,2009,26.2
infra_fuel_energy_pipelines_pct,2010,26.0
infra_fuel_energy_pipelines_pct,2011,25.8
infra_fuel_energy_pipelines_pct,2012,25.9
infra_fuel_energy_pipelines_pct,2013,27.0
infra_fuel_energy_pipelines_pct,2014,27.9
infra_fuel_energy_pipelines_pct,2015,28.7
infra_fuel_energy_pipelines_pct,2016,29.1
infra_fuel_energy_pipelines_pct,2017,29.2
infra_fuel_energy_pipelines_pct,2018,29.4
infra_fuel_energy_pipelines_pct,2019,29.5
infra_fuel_energy_pipelines_pct,2020,29.7
infra_fuel_energy_pipelines_pct,2021,30.2
infra_fuel_energy_pipelines_pct,2022,30.7
infra_fuel_energy_pipelines_pct,2023,30.9
infra_fuel_energy_pipelines_pct,2024,31.0
infra_health_housing_billions,2007,66.49
infra_health_housing_billions,2008,74.58
infra_health_housing_billions,2009,78.29
infra_health_housing_billions,2010,85.95
infra_health_housing_billions,2011,94.29
infra_health_housing_billions,2012,102.3
infra_health_housing_billions,2013,107.59
infra_health_housing_billions,2014,113.52
infra_health_housing_billions,2015,117.21
infra_health_housing_billions,2016,118.19
infra_health_housing_billions,2017,120.5
infra_health_housing_billions,2018,125.61
infra_health_housing_billions,2019,129.34
infra_health_housing_billions,2020,131.96
infra_health_housing_billions,2021,142.08
infra_health_housing_billions,2022,158.91
infra_health_housing_billions,2023,168.38
infra_health_housing_billions,2024,178.11
infra_health_housing_pct,2007,14.4
infra_health_housing_pct,2008,14.5
infra_health_housing_pct,2009,14.5
infra_health_housing_pct,2010,14.9
infra_health_housing_pct,2011,15.1
infra_health_housing_pct,2012,15.3
infra_health_housing_pct,2013,15.3
infra_health_housing_pct,2014,15.2
infra_health_housing_pct,2015,14.9
infra_health_housing_pct,2016,14.6
infra_health_housing_pct,2017,14.2
infra_health_housing_pct,2018,14.0
infra_health_housing_pct,2019,13.7
infra_health_housing_pct,2020,13.6
infra_health_housing_pct,2021,13.2
infra_health_housing_pct,2022,13.0
infra_health_housing_pct,2023,13.1
infra_health_housing_pct,2024,13.2
infra_public_safety_billions,2007,57.21
infra_public_safety_billions,2008,61.41
infra_public_safety_billions,2009,62.45
infra_public_safety_billions,2010,65.74
infra_public_safety_billions,2011,70.37
infra_public_safety_billions,2012,74.45
infra_public_safety_billions,2013,77.34
infra_public_safety_billions,2014,83.15
infra_public_safety_billions,2015,88.12
infra_public_safety_billions,2016,93.3
infra_public_safety_billions,2017,98.75
infra_public_safety_billions,2018,105.24
infra_public_safety_billions,2019,110.98
infra_public_safety_billions,2020,115.12
infra_public_safety_billions,2021,127.67
infra_public_safety_billions,2022,144.07
infra_public_safety_billions,2023,150.21
infra_public_safety_billions,2024,156.07
infra_public_safety_pct,2007,12.4
infra_public_safety_pct,2008,11.9
infra_public_safety_pct,2009,11.6
infra_public_safety_pct,2010,11.4
infra_public_safety_pct,2011,11.3
infra_public_safety_pct,2012,11.1
infra_public_safety_pct,2013,11.0
infra_public_safety_pct,2014,11.1
infra_public_safety_pct,2015,11.2
infra_public_safety_pct,2016,11.5
infra_public_safety_pct,2017,11.6
infra_public_safety_pct,2018,11.7
infra_public_safety_pct,2019,11.8
infra_public_safety_pct,2020,11.9
infra_public_safety_pct,2021,11.8
infra_public_safety_pct,2022,11.8
infra_public_safety_pct,2023,11.7
infra_public_safety_pct,2024,11.5
infra_total_billions,2007,461.85
infra_total_billions,2008,516.04
infra_total_billions,2009,538.26
infra_total_billions,2010,577.13
infra_total_billions,2011,624.34
infra_total_billions,2012,667.84
infra_total_billions,2013,702.63
infra_total_billions,2014,746.64
infra_total_billions,2015,784.35
infra_total_billions,2016,811.38
infra_total_billions,2017,847.75
infra_total_billions,2018,899.44
infra_total_billions,2019,941.42
infra_total_billions,2020,969.86
infra_total_billions,2021,1077.46
infra_total_billions,2022,1224.56
infra_total_billions,2023,1282.81
infra_total_billions,2024,1352.81
infra_transport_billions,2007,118.01
infra_transport_billions,2008,135.42
infra_transport_billions,2009,141.11
infra_transport_billions,2010,153.51
infra_transport_billions,2011,169.4
infra_transport_billions,2012,182.07
infra_transport_billions,2013,189.75
infra_transport_billions,2014,198.09
infra_transport_billions,2015,205.0
infra_transport_billions,2016,209.09
infra_transport_billions,2017,219.25
infra_transport_billions,2018,233.19
infra_transport_billions,2019,246.09
infra_transport_billions,2020,253.48
infra_transport_billions,2021,285.41
infra_transport_billions,2022,327.29
infra_transport_billions,2023,337.25
infra_transport_billions,2024,356.01
infra_transport_pct,2007,25.6
infra_transport_pct,2008,26.2
infra_transport_pct,2009,26.2
infra_transport_pct,2010,26.6
infra_transport_pct,2011,27.1
infra_transport_pct,2012,27.3
infra_transport_pct,2013,27.0
infra_transport_pct,2014,26.5
infra_transport_pct,2015,26.1
infra_transport_pct,2016,25.8
infra_transport_pct,2017,25.9
infra_transport_pct,2018,25.9
infra_transport_pct,2019,26.1
infra_transport_pct,2020,26.1
infra_transport_pct,2021,26.5
infra_transport_pct,2022,26.7
infra_transport_pct,2023,26.3
infra_transport_pct,2024,26.3
intl_cdia_billions,2007,80.1
intl_cdia_billions,2008,104.9
intl_cdia_billions,2009,86.6
intl_cdia_billions,2010,97.7
intl_cdia_billions,2011,95.9
intl_cdia_billions,2012,99.7
intl_cdia_billions,2013,105.7
intl_cdia_billions,2014,117.3
intl_cdia_billions,2015,134.4
intl_cdia_billions,2016,135.8
intl_cdia_billions,2017,136.7
intl_cdia_billions,2018,162.3
intl_cdia_billions,2019,173.7
intl_cdia_billions,2020,154.2
intl_cdia_billions,2021,136.6
intl_cdia_billions,2022,175.7
intl_cdia_billions,2023,197.9
intl_cdia_billions,2024,214.6
intl_fdi_billions,2007,106.9
intl_fdi_billions,2008,127.2
intl_fdi_billions,2009,125.8
intl_fdi_billions,2010,141.5
intl_fdi_billions,2011,151.6
intl_fdi_billions,2012,150.9
intl_fdi_billions,2013,187.1
intl_fdi_billions,2014,197.9
intl_fdi_billions,2015,202.4
intl_fdi_billions,2016,202.4
intl_fdi_billions,2017,197.0
intl_fdi_billions,2018,205.4
intl_fdi_billions,2019,145.4
intl_fdi_billions,2020,119.4
intl_fdi_billions,2021,124.0
intl_fdi_billions,2022,128.1
intl_fdi_billions,2023,139.5
intl_fdi_billions,2024,156.8
v1043875816,2007,461851.0
v1043875816,2008,516042.0
v1043875816,2009,538262.0
v1043875816,2010,577133.0
v1043875816,2011,624343.0
v1043875816,2012,667844.0
v1043875816,2013,702632.0
v1043875816,2014,746637.0
v1043875816,2015,784347.0
v1043875816,2016,811385.0
v1043875816,2017,847752.0
v1043875816,2018,899440.0
v1043875816,2019,941424.0
v1043875816,2020,969854.0
v1043875816,2021,1077461.0
v1043875816,2022,1224558.0
v1043875816,2023,1282811.0
v1043875816,2024,1352814.0
v1043875863,2007,13131.0
v1043875863,2008,15761.0
v1043875863,2009,17562.0
v1043875863,2010,18539.0
v1043875863,2011,19325.0
v1043875863,2012,21268.0
v1043875863,2013,25128.0
v1043875863,2014,29432.0
v1043875863,2015,32079.0
v1043875863,2016,34650.0
v1043875863,2017,37540.0
v1043875863,2018,41277.0
v1043875863,2019,45827.0
v1043875863,2020,51939.0
v1043875863,2021,61159.0
v1043875863,2022,77686.0
v1043875863,2023,87203.0
v1043875863,2024,91919.0
v1043876656,2007,36951.0
v1043876656,2008,41721.0
v1043876656,2009,42291.0
v1043876656,2010,45199.0
v1043876656,2011,48796.0
v1043876656,2012,51787.0
v1043876656,2013,53104.0
v1043876656,2014,54922.0
v1043876656,2015,57132.0
v1043876656,2016,58466.0
v1043876656,2017,60889.0
v1043876656,2018,63912.0
v1043876656,2019,66675.0
v1043876656,2020,69853.0
v1043876656,2021,76268.0
v1043876656,2022,87489.0
v1043876656,2023,95932.0
v1043876656,2024,103893.0
v1043876703,2007,0.0
v1043876703,2008,0.0
v1043876703,2009,0.0
v1043876703,2010,0.0
v1043876703,2011,0.0
v1043876703,2012,0.0
v1043876703,2013,0.0
v1043876703,2014,0.0
v1043876703,2015,0.0
v1043876703,2016,0.0
v1043876703,2017,0.0
v1043876703,2018,0.0
v1043876703,2019,0.0
v1043876703,2020,0.0
v1043876703,2021,0.0
v1043876703,2022,0.0
v1043876703,2023,0.0
v1043876703,2024,0.0
v1043877496,2007,67766.0
v1043877496,2008,74917.0
v1043877496,2009,74258.0
v1043877496,2010,78313.0
v1043877496,2011,83670.0
v1043877496,2012,87600.0
v1043877496,2013,88802.0
v1043877496,2014,91469.0
v1043877496,2015,94286.0
v1043877496,2016,97423.0
v1043877496,2017,103177.0
v1043877496,2018,110707.0
v1043877496,2019,115811.0
v1043877496,2020,118884.0
v1043877496,2021,129689.0
v1043877496,2022,145473.0
v1043877496,2023,156622.0
v1043877496,2024,166389.0
v1043877543,2007,0.0
v1043877543,2008,0.0
v1043877543,2009,0.0
v1043877543,2010,0.0
v1043877543,2011,0.0
v1043877543,2012,0.0
v1043877543,2013,0.0
v1043877543,2014,0.0
v1043877543,2015,0.0
v1043877543,2016,0.0
v1043877543,2017,0.0
v1043877543,2018,0.0
v1043877543,2019,0.0
v1043877543,2020,0.0
v1043877543,2021,0.0
v1043877543,2022,0.0
v1043877543,2023,0.0
v1043877543,2024,0.0
v1043878336,2007,104056.0
v1043878336,2008,115349.0
v1043878336,2009,123591.0
v1043878336,2010,131709.0
v1043878336,2011,141498.0
v1043878336,2012,151912.0
v1043878336,2013,164351.0
v1043878336,2014,178967.0
v1043878336,2015,192751.0
v1043878336,2016,201422.0
v1043878336,2017,210226.0
v1043878336,2018,223290.0
v1043878336,2019,231730.0
v1043878336,2020,236418.0
v1043878336,2021,264536.0
v1043878336,2022,298243.0
v1043878336,2023,308808.0
v1043878336,2024,327724.0
v1043878383,2007,0.0
v1043878383,2008,0.0
v1043878383,2009,0.0
v1043878383,2010,0.0
v1043878383,2011,0.0
v1043878383,2012,0.0
v1043878383,2013,0.0
v1043878383,2014,0.0
v1043878383,2015,0.0
v1043878383,2016,0.0
v1043878383,2017,0.0
v1043878383,2018,0.0
v1043878383,2019,0.0
v1043878383,2020,0.0
v1043878383,2021,0.0
v1043878383,2022,0.0
v1043878383,2023,0.0
v1043878383,2024,0.0
v1043879176,2007,29538.0
v1043879176,2008,32855.0
v1043879176,2009,35999.0
v1043879176,2010,40755.0
v1043879176,2011,45493.0
v1043879176,2012,50511.0
v1043879176,2013,54486.0
v1043879176,2014,58595.0
v1043879176,2015,60078.0
v1043879176,2016,59727.0
v1043879176,2017,59613.0
v1043879176,2018,61698.0
v1043879176,2019,62667.0
v1043879176,2020,62105.0
v1043879176,2021,65809.0
v1043879176,2022,71423.0
v1043879176,2023,72446.0
v1043879176,2024,74220.0
v1043879223,2007,0.0
v1043879223,2008,0.0
v1043879223,2009,0.0
v1043879223,2010,0.0
v1043879223,2011,0.0
v1043879223,2012,0.0
v1043879223,2013,0.0
v1043879223,2014,0.0
v1043879223,2015,0.0
v1043879223,2016,0.0
v1043879223,2017,0.0
v1043879223,2018,0.0
v1043879223,2019,0.0
v1043879223,2020,0.0
v1043879223,2021,0.0
v1043879223,2022,0.0
v1043879223,2023,0.0
v1043879223,2024,0.0
v1043880016,2007,131142.0
v1043880016,2008,151178.0
v1043880016,2009,158671.0
v1043880016,2010,172047.0
v1043880016,2011,188724.0
v1043880016,2012,203341.0
v1043880016,2013,214876.0
v1043880016,2014,227523.0
v1043880016,2015,237081.0
v1043880016,2016,243745.0
v1043880016,2017,256795.0
v1043880016,2018,274470.0
v1043880016,2019,291917.0
v1043880016,2020,305417.0
v1043880016,2021,346567.0
v1043880016,2022,404971.0
v1043880016,2023,424457.0
v1043880016,2024,447934.0
v1043880063,2007,13131.0
v1043880063,2008,15761.0
v1043880063,2009,17562.0
v1043880063,2010,18539.0
v1043880063,2011,19325.0
v1043880063,2012,21268.0
v1043880063,2013,25128.0
v1043880063,2014,29432.0
v1043880063,2015,32079.0
v1043880063,2016,34650.0
v1043880063,2017,37540.0
v1043880063,2018,41277.0
v1043880063,2019,45827.0
v1043880063,2020,51939.0
v1043880063,2021,61159.0
v1043880063,2022,77686.0
v1043880063,2023,87203.0
v1043880063,2024,91919.0
v1043880856,2007,9694.0
v1043880856,2008,10706.0
v1043880856,2009,11846.0
v1043880856,2010,11704.0
v1043880856,2011,11883.0
v1043880856,2012,12846.0
v1043880856,2013,13318.0
v1043880856,2014,14268.0
v1043880856,2015,15310.0
v1043880856,2016,17067.0
v1043880856,2017,17725.0
v1043880856,2018,18315.0
v1043880856,2019,20334.0
v1043880856,2020,20501.0
v1043880856,2021,20221.0
v1043880856,2022,21208.0
v1043880856,2023,22475.0
v1043880856,2024,23860.0
v1043880903,2007,0.0
v1043880903,2008,0.0
v1043880903,2009,0.0
v1043880903,2010,0.0
v1043880903,2011,0.0
v1043880903,2012,0.0
v1043880903,2013,0.0
v1043880903,2014,0.0
v1043880903,2015,0.0
v1043880903,2016,0.0
v1043880903,2017,0.0
v1043880903,2018,0.0
v1043880903,2019,0.0
v1043880903,2020,0.0
v1043880903,2021,0.0
v1043880903,2022,0.0
v1043880903,2023,0.0
v1043880903,2024,0.0
v1043881696,2007,35187.0
v1043881696,2008,38616.0
v1043881696,2009,41005.0
v1043881696,2010,43366.0
v1043881696,2011,45797.0
v1043881696,2012,48239.0
v1043881696,2013,49677.0
v1043881696,2014,52009.0
v1043881696,2015,54896.0
v1043881696,2016,57303.0
v1043881696,2017,58298.0
v1043881696,2018,60123.0
v1043881696,2019,61638.0
v1043881696,2020,62054.0
v1043881696,2021,66923.0
v1043881696,2022,72884.0
v1043881696,2023,74336.0
v1043881696,2024,76579.0
v1043881743,2007,0.0
v1043881743,2008,0.0
v1043881743,2009,0.0
v1043881743,2010,0.0
v1043881743,2011,0.0
v1043881743,2012,0.0
v1043881743,2013,0.0
v1043881743,2014,0.0
v1043881743,2015,0.0
v1043881743,2016,0.0
v1043881743,2017,0.0
v1043881743,2018,0.0
v1043881743,2019,0.0
v1043881743,2020,0.0
v1043881743,2021,0.0
v1043881743,2022,0.0
v1043881743,2023,0.0
v1043881743,2024,0.0
v1043882536,2007,18407.0
v1043882536,2008,18421.0
v1043882536,2009,18005.0
v1043882536,2010,19195.0
v1043882536,2011,19872.0
v1043882536,2012,20148.0
v1043882536,2013,20134.0
v1043882536,2014,22680.0
v1043882536,2015,24842.0
v1043882536,2016,27371.0
v1043882536,2017,29972.0
v1043882536,2018,32703.0
v1043882536,2019,34632.0
v1043882536,2020,37159.0
v1043882536,2021,45143.0
v1043882536,2022,52266.0
v1043882536,2023,52378.0
v1043882536,2024,52652.0
v1043882583,2007,0.0
v1043882583,2008,0.0
v1043882583,2009,0.0
v1043882583,2010,0.0
v1043882583,2011,0.0
v1043882583,2012,0.0
v1043882583,2013,0.0
v1043882583,2014,0.0
v1043882583,2015,0.0
v1043882583,2016,0.0
v1043882583,2017,0.0
v1043882583,2018,0.0
v1043882583,2019,0.0
v1043882583,2020,0.0
v1043882583,2021,0.0
v1043882583,2022,0.0
v1043882583,2023,0.0
v1043882583,2024,0.0
v1043883376,2007,21155.0
v1043883376,2008,23557.0
v1043883376,2009,23821.0
v1043883376,2010,25464.0
v1043883376,2011,28271.0
v1043883376,2012,30141.0
v1043883376,2013,31740.0
v1043883376,2014,33558.0
v1043883376,2015,35011.0
v1043883376,2016,36121.0
v1043883376,2017,37690.0
v1043883376,2018,40306.0
v1043883376,2019,41761.0
v1043883376,2020,42827.0
v1043883376,2021,46316.0
v1043883376,2022,52714.0
v1043883376,2023,56323.0
v1043883376,2024,59488.0
v1043883423,2007,0.0
v1043883423,2008,0.0
v1043883423,2009,0.0
v1043883423,2010,0.0
v1043883423,2011,0.0
v1043883423,2012,0.0
v1043883423,2013,0.0
v1043883423,2014,0.0
v1043883423,2015,0.0
v1043883423,2016,0.0
v1043883423,2017,0.0
v1043883423,2018,0.0
v1043883423,2019,0.0
v1043883423,2020,0.0
v1043883423,2021,0.0
v1043883423,2022,0.0
v1043883423,2023,0.0
v1043883423,2024,0.0
v1043884216,2007,7956.0
v1043884216,2008,8722.0
v1043884216,2009,8775.0
v1043884216,2010,9381.0
v1043884216,2011,10340.0
v1043884216,2012,11319.0
v1043884216,2013,12145.0
v1043884216,2014,12646.0
v1043884216,2015,12959.0
v1043884216,2016,12740.0
v1043884216,2017,13366.0
v1043884216,2018,13916.0
v1043884216,2019,14258.0
v1043884216,2020,14638.0
v1043884216,2021,15989.0
v1043884216,2022,17886.0
v1043884216,2023,19035.0
v1043884216,2024,20074.0
v1043884263,2007,0.0
v1043884263,2008,0.0
v1043884263,2009,0.0
v1043884263,2010,0.0
v1043884263,2011,0.0
v1043884263,2012,0.0
v1043884263,2013,0.0
v1043884263,2014,0.0
v1043884263,2015,0.0
v1043884263,2016,0.0
v1043884263,2017,0.0
v1043884263,2018,0.0
v1043884263,2019,0.0
v1043884263,2020,0.0
v1043884263,2021,0.0
v1043884263,2022,0.0
v1043884263,2023,0.0
v1043884263,2024,0.0
v1044301086,2007,3693.0
v1044301086,2008,4178.0
v1044301086,2009,4586.0
v1044301086,2010,5223.0
v1044301086,2011,5495.0
v1044301086,2012,5915.0
v1044301086,2013,7193.0
v1044301086,2014,7559.0
v1044301086,2015,7166.0
v1044301086,2016,7210.0
v1044301086,2017,7182.0
v1044301086,2018,6887.0
v1044301086,2019,6815.0
v1044301086,2020,6612.0
v1044301086,2021,7103.0
v1044301086,2022,7198.0
v1044301086,2023,8863.0
v1044301086,2024,11014.0
v1044301095,2007,450.0
v1044301095,2008,1515.0
v1044301095,2009,1390.0
v1044301095,2010,746.0
v1044301095,2011,846.0
v1044301095,2012,1311.0
v1044301095,2013,2659.0
v1044301095,2014,2687.0
v1044301095,2015,2664.0
v1044301095,2016,2612.0
v1044301095,2017,2943.0
v1044301095,2018,2955.0
v1044301095,2019,3819.0
v1044301095,2020,5410.0
v1044301095,2021,5945.0
v1044301095,2022,9092.0
v1044301095,2023,7070.0
v1044301095,2024,4464.0
v1044301101,2007,36.0
v1044301101,2008,27.0
v1044301101,2009,24.0
v1044301101,2010,34.0
v1044301101,2011,73.0
v1044301101,2012,64.0
v1044301101,2013,110.0
v1044301101,2014,122.0
v1044301101,2015,92.0
v1044301101,2016,104.0
v1044301101,2017,128.0
v1044301101,2018,147.0
v1044301101,2019,225.0
v1044301101,2020,164.0
v1044301101,2021,188.0
v1044301101,2022,172.0
v1044301101,2023,159.0
v1044301101,2024,188.0
v1044301102,2007,13.0
v1044301102,2008,8.0
v1044301102,2009,23.0
v1044301102,2010,7.0
v1044301102,2011,14.0
v1044301102,2012,6.0
v1044301102,2013,12.0
v1044301102,2014,19.0
v1044301102,2015,105.0
v1044301102,2016,119.0
v1044301102,2017,123.0
v1044301102,2018,143.0
v1044301102,2019,160.0
v1044301102,2020,128.0
v1044301102,2021,233.0
v1044301102,2022,265.0
v1044301102,2023,276.0
v1044301102,2024,325.0
v1044301104,2007,200.0
v1044301104,2008,201.0
v1044301104,2009,288.0
v1044301104,2010,258.0
v1044301104,2011,229.0
v1044301104,2012,223.0
v1044301104,2013,355.0
v1044301104,2014,370.0
v1044301104,2015,351.0
v1044301104,2016,356.0
v1044301104,2017,336.0
v1044301104,2018,249.0
v1044301104,2019,296.0
v1044301104,2020,272.0
v1044301104,2021,272.0
v1044301104,2022,242.0
v1044301104,2023,338.0
v1044301104,2024,391.0
v1044578286,2007,7841.0
v1044578286,2008,8880.0
v1044578286,2009,9653.0
v1044578286,2010,10859.0
v1044578286,2011,11143.0
v1044578286,2012,11792.0
v1044578286,2013,14447.0
v1044578286,2014,15299.0
v1044578286,2015,13797.0
v1044578286,2016,14273.0
v1044578286,2017,14355.0
v1044578286,2018,13906.0
v1044578286,2019,13672.0
v1044578286,2020,13445.0
v1044578286,2021,14862.0
v1044578286,2022,15159.0
v1044578286,2023,18625.0
v1044578286,2024,23191.0
v1044578295,2007,655.0
v1044578295,2008,2255.0
v1044578295,2009,2109.0
v1044578295,2010,1191.0
v1044578295,2011,1382.0
v1044578295,2012,2084.0
v1044578295,2013,4117.0
v1044578295,2014,4181.0
v1044578295,2015,3815.0
v1044578295,2016,3871.0
v1044578295,2017,4443.0
v1044578295,2018,4462.0
v1044578295,2019,5681.0
v1044578295,2020,7967.0
v1044578295,2021,8974.0
v1044578295,2022,13757.0
v1044578295,2023,10702.0
v1044578295,2024,6792.0
v1044578301,2007,57.0
v1044578301,2008,43.0
v1044578301,2009,39.0
v1044578301,2010,58.0
v1044578301,2011,125.0
v1044578301,2012,109.0
v1044578301,2013,175.0
v1044578301,2014,192.0
v1044578301,2015,139.0
v1044578301,2016,164.0
v1044578301,2017,209.0
v1044578301,2018,221.0
v1044578301,2019,331.0
v1044578301,2020,240.0
v1044578301,2021,282.0
v1044578301,2022,259.0
v1044578301,2023,241.0
v1044578301,2024,283.0
v1044578302,2007,19.0
v1044578302,2008,12.0
v1044578302,2009,33.0
v1044578302,2010,11.0
v1044578302,2011,22.0
v1044578302,2012,10.0
v1044578302,2013,17.0
v1044578302,2014,28.0
v1044578302,2015,151.0
v1044578302,2016,196.0
v1044578302,2017,203.0
v1044578302,2018,225.0
v1044578302,2019,249.0
v1044578302,2020,192.0
v1044578302,2021,353.0
v1044578302,2022,401.0
v1044578302,2023,417.0
v1044578302,2024,491.0
v1044578304,2007,297.0
v1044578304,2008,299.0
v1044578304,2009,428.0
v1044578304,2010,395.0
v1044578304,2011,353.0
v1044578304,2012,343.0
v1044578304,2013,507.0
v1044578304,2014,545.0
v1044578304,2015,528.0
v1044578304,2016,567.0
v1044578304,2017,519.0
v1044578304,2018,377.0
v1044578304,2019,448.0
v1044578304,2020,396.0
v1044578304,2021,430.0
v1044578304,2022,388.0
v1044578304,2023,540.0
v1044578304,2024,624.0
v1044855486,2007,59.5
v1044855486,2008,67.4
v1044855486,2009,72.8
v1044855486,2010,82.9
v1044855486,2011,84.0
v1044855486,2012,87.4
v1044855486,2013,107.2
v1044855486,2014,112.3
v1044855486,2015,99.6
v1044855486,2016,96.1
v1044855486,2017,90.8
v1044855486,2018,82.7
v1044855486,2019,79.4
v1044855486,2020,73.4
v1044855486,2021,79.2
v1044855486,2022,80.4
v1044855486,2023,99.2
v1044855486,2024,122.6
v1044855495,2007,6.1
v1044855495,2008,21.4
v1044855495,2009,19.9
v1044855495,2010,10.2
v1044855495,2011,11.4
v1044855495,2012,16.6
v1044855495,2013,32.6
v1044855495,2014,31.6
v1044855495,2015,31.9
v1044855495,2016,32.3
v1044855495,2017,35.5
v1044855495,2018,35.4
v1044855495,2019,45.8
v1044855495,2020,61.2
v1044855495,2021,65.9
v1044855495,2022,101.1
v1044855495,2023,78.5
v1044855495,2024,49.9
v1044855501,2007,0.6
v1044855501,2008,0.4
v1044855501,2009,0.4
v1044855501,2010,0.6
v1044855501,2011,1.2
v1044855501,2012,1.0
v1044855501,2013,1.6
v1044855501,2014,1.7
v1044855501,2015,1.2
v1044855501,2016,1.3
v1044855501,2017,1.7
v1044855501,2018,1.9
v1044855501,2019,2.8
v1044855501,2020,1.9
v1044855501,2021,2.1
v1044855501,2022,2.0
v1044855501,2023,1.8
v1044855501,2024,2.1
v1044855502,2007,0.2
v1044855502,2008,0.1
v1044855502,2009,0.4
v1044855502,2010,0.1
v1044855502,2011,0.2
v1044855502,2012,0.1
v1044855502,2013,0.2
v1044855502,2014,0.3
v1044855502,2015,1.4
v1044855502,2016,1.6
v1044855502,2017,1.7
v1044855502,2018,1.8
v1044855502,2019,2.0
v1044855502,2020,1.5
v1044855502,2021,2.7
v1044855502,2022,3.0
v1044855502,2023,3.2
v1044855502,2024,3.7
v1044855504,2007,3.2
v1044855504,2008,3.3
v1044855504,2009,4.7
v1044855504,2010,4.1
v1044855504,2011,3.5
v1044855504,2012,3.3
v1044855504,2013,5.0
v1044855504,2014,5.1
v1044855504,2015,4.8
v1044855504,2016,4.8
v1044855504,2017,4.5
v1044855504,2018,3.1
v1044855504,2019,3.8
v1044855504,2020,3.2
v1044855504,2021,3.3
v1044855504,2022,2.9
v1044855504,2023,4.1
v1044855504,2024,4.7
v95928095,2007,41262.6
v95928095,2008,44861.4
v95928095,2009,26938.1
v95928095,2010,42965.2
v95928095,2011,52168.0
v95928095,2012,58779.8
v95928095,2013,65073.5
v95928095,2014,76070.0
v95928095,2015,51064.8
v95928095,2016,37604.7
v95928095,2017,40248.1
v95928095,2018,37052.3
v95928095,2019,33920.2
v95928095,2020,21804.7
v95928095,2021,24686.2
v95928095,2022,35029.0
v95928095,2023,39201.8
v95928095,2024,42990.0
v95928095,2025,46005.7
v95928096,2007,24491.3
v95928096,2008,24242.6
v95928096,2009,16689.0
v95928096,2010,25851.9
v95928096,2011,30004.5
v95928096,2012,32534.2
v95928096,2013,36044.4
v95928096,2014,40358.9
v95928096,2015,27645.1
v95928096,2017,25970.2
v95928096,2018,24961.9
v95928096,2019,23486.2
v95928096,2021,15812.5
v95928096,2022,23160.5
v95928096,2023,26588.9
v95928096,2024,29688.5
v95928096,2025,30894.6
v95928098,2007,5760.0
v95928098,2008,7349.2
v95928098,2009,6194.1
v95928098,2010,9053.7
v95928098,2011,12162.9
v95928098,2012,16916.1
v95928098,2013,15085.8
v95928098,2014,11114.5
v95928098,2015,10188.3
v95928098,2016,9636.5
v95928098,2017,8986.2
v95928098,2018,10037.2
v95928098,2019,10870.5
v95928098,2020,9465.7
v95928098,2021,11536.7
v95928098,2022,14457.2
v95928098,2023,17057.3
v95928098,2024,16319.9
v95928098,2025,16507.3
v95928121,2007,2996.9
v95928121,2008,2715.0
v95928121,2009,2049.9
v95928121,2010,1632.5
v95928121,2011,3404.9
v95928121,2012,2618.6
v95928121,2013,3731.5
v95928121,2014,3242.4
v95928121,2015,2557.6
v95928121,2016,961.0
v95928121,2017,1331.3
v95928121,2018,1309.9
v95928121,2019,1136.5
v95928121,2020,535.3
v95928121,2021,1216.8
v95928121,2022,1561.6
v95928121,2023,2125.3
v95928121,2024,1733.5
v95928121,2025,1844.1
v95928123,2007,13229.2
v95928123,2008,14678.6
v95928123,2009,17074.0
v95928123,2010,18018.0
v95928123,2011,19190.9
v95928123,2012,19919.1
v95928123,2013,24302.4
v95928123,2014,25528.1
v95928123,2015,23944.0
v95928123,2016,23509.0
v95928123,2017,23865.0
v95928123,2018,21556.8
v95928123,2019,22157.9
v95928123,2020,21520.0
v95928123,2021,24617.9
v95928123,2022,25584.1
v95928123,2023,28632.1
v95928123,2024,31977.6
v95928123,2025,34474.4
v95928124,2007,1440.9
v95928124,2008,1362.1
v95928124,2009,1436.5
v95928124,2010,1186.9
v95928124,2011,1398.5
v95928124,2012,2042.7
v95928124,2013,1549.6
v95928124,2014,2017.0
v95928124,2015,2767.3
v95928124,2016,2515.0
v95928124,2017,2289.6
v95928124,2018,2137.1
v95928124,2019,2228.7
v95928124,2020,2230.5
v95928124,2021,2789.0
v95928124,2022,3174.8
v95928124,2023,3291.8
v95928124,2024,3329.8
v95928124,2025,3512.0
v95928137,2007,2225.7
v95928137,2008,2826.7
v95928137,2009,1771.1
v95928137,2010,1776.6
v95928137,2011,2417.2
v95928137,2012,1493.6
v95928137,2013,1665.8
v95928137,2014,1729.5
v95928137,2015,1953.6
v95928137,2016,1674.1
v95928137,2017,1226.9
v95928137,2018,2182.9
v95928137,2019,1764.5
v95928137,2020,968.5
v95928137,2021,1619.2
v95928137,2022,2119.5
v95928137,2023,2748.7
v95928137,2024,3116.6
v95928137,2025,2692.9
v95928178,2007,2044.1
v95928178,2008,5276.2
v95928178,2009,4574.8
v95928178,2010,2533.9
v95928178,2011,2804.2
v95928178,2012,4779.3
v95928178,2013,8212.6
v95928178,2014,8667.5
v95928178,2015,8451.9
v95928178,2016,7508.4
v95928178,2017,7808.8
v95928178,2018,8131.6
v95928178,2019,9857.2
v95928178,2020,11320.1
v95928178,2021,12852.2
v95928178,2022,19175.0
v95928178,2023,17754.2
v95928178,2024,6291.4
v95928178,2025,4581.3
