vector,title,uom,scalar_factor,data_source,source_org,source_url
asset_hydraulic,Investment by asset - Hydraulic,Millions of dollars,millions,Investment by Asset,Statistics Canada,https://www150.statcan.gc.ca/t1/tbl1/en/tv.action?pid=3410035801
asset_hydraulic_billions,Investment by asset - Hydraulic (billions),Billions of dollars,billions,Investment by Asset,Statistics Canada,https://www150.statcan.gc.ca/t1/tbl1/en/tv.action?pid=3410035801
asset_nuclear,Investment by asset - Nuclear,Millions of dollars,millions,Investment by Asset,Statistics Canada,https://www150.statcan.gc.ca/t1/tbl1/en/tv.action?pid=3410035801
asset_nuclear_billions,Investment by asset - Nuclear (billions),Billions of dollars,billions,Investment by Asset,Statistics Canada,https://www150.statcan.gc.ca/t1/tbl1/en/tv.action?pid=3410035801
asset_other_electric,Investment by asset - Other electric,Millions of dollars,millions,Investment by Asset,Statistics Canada,https://www150.statcan.gc.ca/t1/tbl1/en/tv.action?pid=3410035801
asset_other_electric_billions,Investment by asset - Other electric (billions),Billions of dollars,billions,Investment by Asset,Statistics Canada,https://www150.statcan.gc.ca/t1/tbl1/en/tv.action?pid=3410035801
asset_pipelines,Investment by asset - Pipelines,Millions of dollars,millions,Investment by Asset,Statistics Canada,https://www150.statcan.gc.ca/t1/tbl1/en/tv.action?pid=3410035801
asset_pipelines_billions,Investment by asset - Pipelines (billions),Billions of dollars,billions,Investment by Asset,Statistics Canada,https://www150.statcan.gc.ca/t1/tbl1/en/tv.action?pid=3410035801
asset_steam_thermal,Investment by asset - Steam/thermal,Millions of dollars,millions,Investment by Asset,Statistics Canada,https://www150.statcan.gc.ca/t1/tbl1/en/tv.action?pid=3410035801
asset_steam_thermal_billions,Investment by asset - Steam/thermal (billions),Billions of dollars,billions,Investment by Asset,Statistics Canada,https://www150.statcan.gc.ca/t1/tbl1/en/tv.action?pid=3410035801
asset_total,"Investment - Total fuel, energy and pipeline",Millions of dollars,millions,Investment by Asset,Statistics Canada,https://www150.statcan.gc.ca/t1/tbl1/en/tv.action?pid=3410035801
asset_total_billions,"Investment - Total fuel, energy and pipeline (billions)",Billions of dollars,billions,Investment by Asset,Statistics Canada,https://www150.statcan.gc.ca/t1/tbl1/en/tv.action?pid=3410035801
asset_transmission_distribution,Investment by asset - Transmission and distribution,Millions of dollars,millions,Investment by Asset,Statistics Canada,https://www150.statcan.gc.ca/t1/tbl1/en/tv.action?pid=3410035801
asset_transmission_distribution_billions,Investment by asset - Transmission and distribution (billions),Billions of dollars,billions,Investment by Asset,Statistics Canada,https://www150.statcan.gc.ca/t1/tbl1/en/tv.action?pid=3410035801
asset_wind_solar,Investment by asset - Wind and solar,Millions of dollars,millions,Investment by Asset,Statistics Canada,https://www150.statcan.gc.ca/t1/tbl1/en/tv.action?pid=3410035801
asset_wind_solar_billions,Investment by asset - Wind and solar (billions),Billions of dollars,billions,Investment by Asset,Statistics Canada,https://www150.statcan.gc.ca/t1/tbl1/en/tv.action?pid=3410035801
capex_electricity,Capital expenditures - Electric power,Millions of dollars,millions,Capital Expenditures,Statistics Canada,https://www150.statcan.gc.ca/t1/tbl1/en/tv.action?pid=3410003601
capex_electricity_billions,Capital expenditures - Electric power,Billions of dollars,billions,Capital Expenditures,Statistics Canada,https://www150.statcan.gc.ca/t1/tbl1/en/tv.action?pid=3410003601
capex_electricity_pct,Capital expenditures - Electric power (% of total),Percent,percent,Capital Expenditures,Statistics Canada,https://www150.statcan.gc.ca/t1/tbl1/en/tv.action?pid=3410003601
capex_oil_gas,Capital expenditures - Oil and gas extraction,Millions of dollars,millions,Capital Expenditures,Statistics Canada,https://www150.statcan.gc.ca/t1/tbl1/en/tv.action?pid=3410003601
capex_oil_gas_billions,Capital expenditures - Oil and gas extraction,Billions of dollars,billions,Capital Expenditures,Statistics Canada,https://www150.statcan.gc.ca/t1/tbl1/en/tv.action?pid=3410003601
capex_oil_gas_pct,Capital expenditures - Oil and gas (% of total),Percent,percent,Capital Expenditures,Statistics Canada,https://www150.statcan.gc.ca/t1/tbl1/en/tv.action?pid=3410003601
capex_other,Capital expenditures - Other energy,Millions of dollars,millions,Capital Expenditures,Statistics Canada,https://www150.statcan.gc.ca/t1/tbl1/en/tv.action?pid=3410003601
capex_other_billions,Capital expenditures - Other energy,Billions of dollars,billions,Capital Expenditures,Statistics Canada,https://www150.statcan.gc.ca/t1/tbl1/en/tv.action?pid=3410003601
capex_other_pct,Capital expenditures - Other energy (% of total),Percent,percent,Capital Expenditures,Statistics Canada,https://www150.statcan.gc.ca/t1/tbl1/en/tv.action?pid=3410003601
capex_total,Capital expenditures - Total energy sector,Millions of dollars,millions,Capital Expenditures,Statistics Canada,https://www150.statcan.gc.ca/t1/tbl1/en/tv.action?pid=3410003601
capex_total_billions,Capital expenditures - Total energy sector,Billions of dollars,billions,Capital Expenditures,Statistics Canada,https://www150.statcan.gc.ca/t1/tbl1/en/tv.action?pid=3410003601
cea_abroad,Canadian Energy Assets - Abroad (A4),Billions of dollars,billions,Canadian Energy Assets,NRCan,https://www.nrcan.gc.ca/energy/energy-sources-distribution/energy-facts/canadian-energy-assets/20064
cea_africa,Canadian Energy Assets - Africa,Billions of dollars,billions,Canadian Energy Assets,NRCan,https://www.nrcan.gc.ca/energy/energy-sources-distribution/energy-facts/canadian-energy-assets/20064
cea_asia,Canadian Energy Assets - Asia,Billions of dollars,billions,Canadian Energy Assets,NRCan,https://www.nrcan.gc.ca/energy/energy-sources-distribution/energy-facts/canadian-energy-assets/20064
cea_canada,Canadian Energy Assets - Canada (by Continent),Billions of dollars,billions,Canadian Energy Assets,NRCan,https://www.nrcan.gc.ca/energy/energy-sources-distribution/energy-facts/canadian-energy-assets/20064
cea_domestic,"Canadian Energy Assets - Domestic (A3, Country=Canada)",Billions of dollars,billions,Canadian Energy Assets,NRCan,https://www.nrcan.gc.ca/energy/energy-sources-distribution/energy-facts/canadian-energy-assets/20064
cea_europe,Canadian Energy Assets - Europe,Billions of dollars,billions,Canadian Energy Assets,NRCan,https://www.nrcan.gc.ca/energy/energy-sources-distribution/energy-facts/canadian-energy-assets/20064
cea_latin_america,Canadian Energy Assets - Latin America and Caribbean,Billions of dollars,billions,Canadian Energy Assets,NRCan,https://www.nrcan.gc.ca/energy/energy-sources-distribution/energy-facts/canadian-energy-assets/20064
cea_north_america,Canadian Energy Assets - North America (US and Mexico),Billions of dollars,billions,Canadian Energy Assets,NRCan,https://www.nrcan.gc.ca/energy/energy-sources-distribution/energy-facts/canadian-energy-assets/20064
cea_oceania,Canadian Energy Assets - Oceania,Billions of dollars,billions,Canadian Energy Assets,NRCan,https://www.nrcan.gc.ca/energy/energy-sources-distribution/energy-facts/canadian-energy-assets/20064
cea_total,Canadian Energy Assets - Total (A1),Billions of dollars,billions,Canadian Energy Assets,NRCan,https://www.nrcan.gc.ca/energy/energy-sources-distribution/energy-facts/canadian-energy-assets/20064
cleantech_biomass_count,Biomass/Biofuels - Number of projects,Number,units,Clean Technology,NRCan,https://natural-resources.canada.ca/science-data/data-analysis/natural-resources-major-projects-planned-under-construction-2024-2034
cleantech_biomass_value,Biomass/Biofuels - Project value,Billions of dollars,billions,Clean Technology,NRCan,https://natural-resources.canada.ca/science-data/data-analysis/natural-resources-major-projects-planned-under-construction-2024-2034
cleantech_ccs_count,Carbon Capture and Storage - Number of projects,Number,units,Clean Technology,NRCan,https://natural-resources.canada.ca/science-data/data-analysis/natural-resources-major-projects-planned-under-construction-2024-2034
cleantech_ccs_value,Carbon Capture and Storage - Project value,Billions of dollars,billions,Clean Technology,NRCan,https://natural-resources.canada.ca/science-data/data-analysis/natural-resources-major-projects-planned-under-construction-2024-2034
cleantech_geo_alta_count,"Cleantech companies, Alberta",Number,units,Cleantech companies by province and region,Natural Resources Canada,https://natural-resources.canada.ca/science-innovation/research-development/clean-technology/clean-growth-hub/clean-technology-data-strategy/cleantech-companies
cleantech_geo_alta_pct,"Cleantech companies share, Alberta",Percent,percent,Cleantech companies by province and region,Natural Resources Canada,https://natural-resources.canada.ca/science-innovation/research-development/clean-technology/clean-growth-hub/clean-technology-data-strategy/cleantech-companies
cleantech_geo_atl_count,"Cleantech companies, Atlantic Provinces",Number,units,Cleantech companies by province and region,Natural Resources Canada,https://natural-resources.canada.ca/science-innovation/research-development/clean-technology/clean-growth-hub/clean-technology-data-strategy/cleantech-companies
cleantech_geo_atl_pct,"Cleantech companies share, Atlantic Provinces",Percent,percent,Cleantech companies by province and region,Natural Resources Canada,https://natural-resources.canada.ca/science-innovation/research-development/clean-technology/clean-growth-hub/clean-technology-data-strategy/cleantech-companies
cleantech_geo_bc_count,"Cleantech companies, British Columbia",Number,units,Cleantech companies by province and region,Natural Resources Canada,https://natural-resources.canada.ca/science-innovation/research-development/clean-technology/clean-growth-hub/clean-technology-data-strategy/cleantech-companies
cleantech_geo_bc_pct,"Cleantech companies share, British Columbia",Percent,percent,Cleantech companies by province and region,Natural Resources Canada,https://natural-resources.canada.ca/science-innovation/research-development/clean-technology/clean-growth-hub/clean-technology-data-strategy/cleantech-companies
cleantech_geo_man_count,"Cleantech companies, Manitoba",Number,units,Cleantech companies by province and region,Natural Resources Canada,https://natural-resources.canada.ca/science-innovation/research-development/clean-technology/clean-growth-hub/clean-technology-data-strategy/cleantech-companies
cleantech_geo_man_pct,"Cleantech companies share, Manitoba",Percent,percent,Cleantech companies by province and region,Natural Resources Canada,https://natural-resources.canada.ca/science-innovation/research-development/clean-technology/clean-growth-hub/clean-technology-data-strategy/cleantech-companies
cleantech_geo_ont_count,"Cleantech companies, Ontario",Number,units,Cleantech companies by province and region,Natural Resources Canada,https://natural-resources.canada.ca/science-innovation/research-development/clean-technology/clean-growth-hub/clean-technology-data-strategy/cleantech-companies
cleantech_geo_ont_pct,"Cleantech companies share, Ontario",Percent,percent,Cleantech companies by province and region,Natural Resources Canada,https://natural-resources.canada.ca/science-innovation/research-development/clean-technology/clean-growth-hub/clean-technology-data-strategy/cleantech-companies
cleantech_geo_que_count,"Cleantech companies, Quebec",Number,units,Cleantech companies by province and region,Natural Resources Canada,https://natural-resources.canada.ca/science-innovation/research-development/clean-technology/clean-growth-hub/clean-technology-data-strategy/cleantech-companies
cleantech_geo_que_pct,"Cleantech companies share, Quebec",Percent,percent,Cleantech companies by province and region,Natural Resources Canada,https://natural-resources.canada.ca/science-innovation/research-development/clean-technology/clean-growth-hub/clean-technology-data-strategy/cleantech-companies
cleantech_geo_sask_count,"Cleantech companies, Saskatchewan",Number,units,Cleantech companies by province and region,Natural Resources Canada,https://natural-resources.canada.ca/science-innovation/research-development/clean-technology/clean-growth-hub/clean-technology-data-strategy/cleantech-companies
cleantech_geo_sask_pct,"Cleantech companies share, Saskatchewan",Percent,percent,Cleantech companies by province and region,Natural Resources Canada,https://natural-resources.canada.ca/science-innovation/research-development/clean-technology/clean-growth-hub/clean-technology-data-strategy/cleantech-companies
cleantech_geo_terr_count,"Cleantech companies, Territories",Number,units,Cleantech companies by province and region,Natural Resources Canada,https://natural-resources.canada.ca/science-innovation/research-development/clean-technology/clean-growth-hub/clean-technology-data-strategy/cleantech-companies
cleantech_geo_terr_pct,"Cleantech companies share, Territories",Percent,percent,Cleantech companies by province and region,Natural Resources Canada,https://natural-resources.canada.ca/science-innovation/research-development/clean-technology/clean-growth-hub/clean-technology-data-strategy/cleantech-companies
cleantech_geo_total,Total pureplay industry involvement,Number,units,Cleantech companies by province and region,Natural Resources Canada,https://natural-resources.canada.ca/science-innovation/research-development/clean-technology/clean-growth-hub/clean-technology-data-strategy/cleantech-companies
cleantech_geothermal_count,Geothermal - Number of projects,Number,units,Clean Technology,NRCan,https://natural-resources.canada.ca/science-data/data-analysis/natural-resources-major-projects-planned-under-construction-2024-2034
cleantech_geothermal_value,Geothermal - Project value,Billions of dollars,billions,Clean Technology,NRCan,https://natural-resources.canada.ca/science-data/data-analysis/natural-resources-major-projects-planned-under-construction-2024-2034
cleantech_hydro_count,Hydro - Number of projects,Number,units,Clean Technology,NRCan,https://natural-resources.canada.ca/science-data/data-analysis/natural-resources-major-projects-planned-under-construction-2024-2034
cleantech_hydro_value,Hydro - Project value,Billions of dollars,billions,Clean Technology,NRCan,https://natural-resources.canada.ca/science-data/data-analysis/natural-resources-major-projects-planned-under-construction-2024-2034
cleantech_ind_agriculture_forestry_count,"Cleantech companies, Agriculture and Forestry",Number,units,Cleantech companies by industry,Natural Resources Canada,https://natural-resources.canada.ca/science-innovation/research-development/clean-technology/clean-growth-hub/clean-technology-data-strategy/cleantech-companies
cleantech_ind_agriculture_forestry_pct,"Cleantech companies share, Agriculture and Forestry",Percent,percent,Cleantech companies by industry,Natural Resources Canada,https://natural-resources.canada.ca/science-innovation/research-development/clean-technology/clean-growth-hub/clean-technology-data-strategy/cleantech-companies
cleantech_ind_air_env_remediation_count,"Cleantech companies, Air, Environment and Remediation",Number,units,Cleantech companies by industry,Natural Resources Canada,https://natural-resources.canada.ca/science-innovation/research-development/clean-technology/clean-growth-hub/clean-technology-data-strategy/cleantech-companies
cleantech_ind_air_env_remediation_pct,"Cleantech companies share, Air, Environment and Remediation",Percent,percent,Cleantech companies by industry,Natural Resources Canada,https://natural-resources.canada.ca/science-innovation/research-development/clean-technology/clean-growth-hub/clean-technology-data-strategy/cleantech-companies
cleantech_ind_biofuels_bioenergy_count,"Cleantech companies, Biofuels, Bioenergy and Bioproducts",Number,units,Cleantech companies by industry,Natural Resources Canada,https://natural-resources.canada.ca/science-innovation/research-development/clean-technology/clean-growth-hub/clean-technology-data-strategy/cleantech-companies
cleantech_ind_biofuels_bioenergy_pct,"Cleantech companies share, Biofuels, Bioenergy and Bioproducts",Percent,percent,Cleantech companies by industry,Natural Resources Canada,https://natural-resources.canada.ca/science-innovation/research-development/clean-technology/clean-growth-hub/clean-technology-data-strategy/cleantech-companies
cleantech_ind_energy_efficiency_count,"Cleantech companies, Energy Efficiency",Number,units,Cleantech companies by industry,Natural Resources Canada,https://natural-resources.canada.ca/science-innovation/research-development/clean-technology/clean-growth-hub/clean-technology-data-strategy/cleantech-companies
cleantech_ind_energy_efficiency_pct,"Cleantech companies share, Energy Efficiency",Percent,percent,Cleantech companies by industry,Natural Resources Canada,https://natural-resources.canada.ca/science-innovation/research-development/clean-technology/clean-growth-hub/clean-technology-data-strategy/cleantech-companies
cleantech_ind_mining_manufacturing_count,"Cleantech companies, Mining and Manufacturing",Number,units,Cleantech companies by industry,Natural Resources Canada,https://natural-resources.canada.ca/science-innovation/research-development/clean-technology/clean-growth-hub/clean-technology-data-strategy/cleantech-companies
cleantech_ind_mining_manufacturing_pct,"Cleantech companies share, Mining and Manufacturing",Percent,percent,Cleantech companies by industry,Natural Resources Canada,https://natural-resources.canada.ca/science-innovation/research-development/clean-technology/clean-growth-hub/clean-technology-data-strategy/cleantech-companies
cleantech_ind_renewable_energy_count,"Cleantech companies, Renewable Energy",Number,units,Cleantech companies by industry,Natural Resources Canada,https://natural-resources.canada.ca/science-innovation/research-development/clean-technology/clean-growth-hub/clean-technology-data-strategy/cleantech-companies
cleantech_ind_renewable_energy_pct,"Cleantech companies share, Renewable Energy",Percent,percent,Cleantech companies by industry,Natural Resources Canada,https://natural-resources.canada.ca/science-innovation/research-development/clean-technology/clean-growth-hub/clean-technology-data-strategy/cleantech-companies
cleantech_ind_smart_grid_storage_count,"Cleantech companies, Smart Grid and Energy Storage",Number,units,Cleantech companies by industry,Natural Resources Canada,https://natural-resources.canada.ca/science-innovation/research-development/clean-technology/clean-growth-hub/clean-technology-data-strategy/cleantech-companies
cleantech_ind_smart_grid_storage_pct,"Cleantech companies share, Smart Grid and Energy Storage",Percent,percent,Cleantech companies by industry,Natural Resources Canada,https://natural-resources.canada.ca/science-innovation/research-development/clean-technology/clean-growth-hub/clean-technology-data-strategy/cleantech-companies
cleantech_ind_transportation_count,"Cleantech companies, Transportation",Number,units,Cleantech companies by industry,Natural Resources Canada,https://natural-resources.canada.ca/science-innovation/research-development/clean-technology/clean-growth-hub/clean-technology-data-strategy/cleantech-companies
cleantech_ind_transportation_pct,"Cleantech companies share, Transportation",Percent,percent,Cleantech companies by industry,Natural Resources Canada,https://natural-resources.canada.ca/science-innovation/research-development/clean-technology/clean-growth-hub/clean-technology-data-strategy/cleantech-companies
cleantech_ind_waste_recycling_count,"Cleantech companies, Waste and Recycling",Number,units,Cleantech companies by industry,Natural Resources Canada,https://natural-resources.canada.ca/science-innovation/research-development/clean-technology/clean-growth-hub/clean-technology-data-strategy/cleantech-companies
cleantech_ind_waste_recycling_pct,"Cleantech companies share, Waste and Recycling",Percent,percent,Cleantech companies by industry,Natural Resources Canada,https://natural-resources.canada.ca/science-innovation/research-development/clean-technology/clean-growth-hub/clean-technology-data-strategy/cleantech-companies
cleantech_ind_water_wastewater_count,"Cleantech companies, Water and Wastewater",Number,units,Cleantech companies by industry,Natural Resources Canada,https://natural-resources.canada.ca/science-innovation/research-development/clean-technology/clean-growth-hub/clean-technology-data-strategy/cleantech-companies
cleantech_ind_water_wastewater_pct,"Cleantech companies share, Water and Wastewater",Percent,percent,Cleantech companies by industry,Natural Resources Canada,https://natural-resources.canada.ca/science-innovation/research-development/clean-technology/clean-growth-hub/clean-technology-data-strategy/cleantech-companies
cleantech_multiple_count,Multiple - Number of projects,Number,units,Clean Technology,NRCan,https://natural-resources.canada.ca/science-data/data-analysis/natural-resources-major-projects-planned-under-construction-2024-2034
cleantech_multiple_value,Multiple - Project value,Billions of dollars,billions,Clean Technology,NRCan,https://natural-resources.canada.ca/science-data/data-analysis/natural-resources-major-projects-planned-under-construction-2024-2034
cleantech_nuclear_count,Nuclear - Number of projects,Number,units,Clean Technology,NRCan,https://natural-resources.canada.ca/science-data/data-analysis/natural-resources-major-projects-planned-under-construction-2024-2034
cleantech_nuclear_value,Nuclear - Project value,Billions of dollars,billions,Clean Technology,NRCan,https://natural-resources.canada.ca/science-data/data-analysis/natural-resources-major-projects-planned-under-construction-2024-2034
cleantech_other_count,Other - Number of projects,Number,units,Clean Technology,NRCan,https://natural-resources.canada.ca/science-data/data-analysis/natural-resources-major-projects-planned-under-construction-2024-2034
cleantech_other_value,Other - Project value,Billions of dollars,billions,Clean Technology,NRCan,https://natural-resources.canada.ca/science-data/data-analysis/natural-resources-major-projects-planned-under-construction-2024-2034
cleantech_solar_count,Solar - Number of projects,Number,units,Clean Technology,NRCan,https://natural-resources.canada.ca/science-data/data-analysis/natural-resources-major-projects-planned-under-construction-2024-2034
cleantech_solar_value,Solar - Project value,Billions of dollars,billions,Clean Technology,NRCan,https://natural-resources.canada.ca/science-data/data-analysis/natural-resources-major-projects-planned-under-construction-2024-2034
cleantech_storage_count,Energy Storage - Number of projects,Number,units,Clean Technology,NRCan,https://natural-resources.canada.ca/science-data/data-analysis/natural-resources-major-projects-planned-under-construction-2024-2034
cleantech_storage_value,Energy Storage - Project value,Billions of dollars,billions,Clean Technology,NRCan,https://natural-resources.canada.ca/science-data/data-analysis/natural-resources-major-projects-planned-under-construction-2024-2034
cleantech_tidal_count,Tidal - Number of projects,Number,units,Clean Technology,NRCan,https://natural-resources.canada.ca/science-data/data-analysis/natural-resources-major-projects-planned-under-construction-2024-2034
cleantech_tidal_value,Tidal - Project value,Billions of dollars,billions,Clean Technology,NRCan,https://natural-resources.canada.ca/science-data/data-analysis/natural-resources-major-projects-planned-under-construction-2024-2034
cleantech_total_count,Total clean technology - Number of projects,Number,units,Clean Technology,NRCan,https://natural-resources.canada.ca/science-data/data-analysis/natural-resources-major-projects-planned-under-construction-2024-2034
cleantech_total_value,Total clean technology - Project value,Billions of dollars,billions,Clean Technology,NRCan,https://natural-resources.canada.ca/science-data/data-analysis/natural-resources-major-projects-planned-under-construction-2024-2034
cleantech_wind_count,Wind - Number of projects,Number,units,Clean Technology,NRCan,https://natural-resources.canada.ca/science-data/data-analysis/natural-resources-major-projects-planned-under-construction-2024-2034
cleantech_wind_value,Wind - Project value,Billions of dollars,billions,Clean Technology,NRCan,https://natural-resources.canada.ca/science-data/data-analysis/natural-resources-major-projects-planned-under-construction-2024-2034
com_ae,Commercial and institutional auxiliary equipment (PJ),PJ,petajoules,Commercial and institutional energy use by end use,Natural Resources Canada (OEE),https://oee.nrcan.gc.ca/corporate/statistics/neud/dpa/showTable.cfm?type=HB&sector=com&juris=00&rn=1&year=2023&page=1
com_am,Commercial and institutional auxiliary motors (PJ),PJ,petajoules,Commercial and institutional energy use by end use,Natural Resources Canada (OEE),https://oee.nrcan.gc.ca/corporate/statistics/neud/dpa/showTable.cfm?type=HB&sector=com&juris=00&rn=1&year=2023&page=1
com_ee_improvement_pct,Commercial energy efficiency improvement (2000 to end year),%,percent,Commercial and institutional energy use by end use,Natural Resources Canada (OEE),https://oee.nrcan.gc.ca/corporate/statistics/neud/dpa/showTable.cfm?type=AN&sector=com&juris=00&rn=11&year=2023&page=1
com_ee_savings_billion,Commercial energy cost savings (billion $),billion $,billions,Commercial and institutional energy use by end use,Natural Resources Canada (OEE),https://oee.nrcan.gc.ca/corporate/statistics/neud/dpa/showTable.cfm?type=AN&sector=com&juris=00&rn=11&year=2023&page=1
com_ee_savings_pj,Commercial energy savings (PJ),PJ,petajoules,Commercial and institutional energy use by end use,Natural Resources Canada (OEE),https://oee.nrcan.gc.ca/corporate/statistics/neud/dpa/showTable.cfm?type=AN&sector=com&juris=00&rn=11&year=2023&page=1
com_eee,Commercial and institutional energy efficiency effect (PJ),PJ,petajoules,Commercial and institutional energy use by end use,Natural Resources Canada (OEE),https://oee.nrcan.gc.ca/corporate/statistics/neud/dpa/showTable.cfm?type=AN&sector=com&juris=00&rn=11&year=2023&page=1
com_ei,Commercial and institutional energy intensity (GJ/m²),GJ/m²,units,Commercial and institutional energy use by end use,Natural Resources Canada (OEE),https://oee.nrcan.gc.ca/corporate/statistics/neud/dpa/showTable.cfm?type=HB&sector=com&juris=00&rn=1&year=2023&page=1
com_lt,Commercial and institutional lighting (PJ),PJ,petajoules,Commercial and institutional energy use by end use,Natural Resources Canada (OEE),https://oee.nrcan.gc.ca/corporate/statistics/neud/dpa/showTable.cfm?type=HB&sector=com&juris=00&rn=1&year=2023&page=1
com_sc,Commercial and institutional space cooling (PJ),PJ,petajoules,Commercial and institutional energy use by end use,Natural Resources Canada (OEE),https://oee.nrcan.gc.ca/corporate/statistics/neud/dpa/showTable.cfm?type=HB&sector=com&juris=00&rn=1&year=2023&page=1
com_sh,Commercial and institutional space heating (PJ),PJ,petajoules,Commercial and institutional energy use by end use,Natural Resources Canada (OEE),https://oee.nrcan.gc.ca/corporate/statistics/neud/dpa/showTable.cfm?type=HB&sector=com&juris=00&rn=1&year=2023&page=1
com_teu_cieu,Commercial and institutional total energy use (PJ),PJ,petajoules,Commercial and institutional energy use by end use,Natural Resources Canada (OEE),https://oee.nrcan.gc.ca/corporate/statistics/neud/dpa/showTable.cfm?type=HB&sector=com&juris=00&rn=1&year=2023&page=1
com_wh,Commercial and institutional water heating (PJ),PJ,petajoules,Commercial and institutional energy use by end use,Natural Resources Canada (OEE),https://oee.nrcan.gc.ca/corporate/statistics/neud/dpa/showTable.cfm?type=HB&sector=com&juris=00&rn=1&year=2023&page=1
econ_employment_income,Economic contributions - Employment income,Millions of dollars,millions,Economic Contributions,Statistics Canada,https://www150.statcan.gc.ca/t1/tbl1/en/tv.action?pid=3610061001
econ_employment_income_billions,Economic contributions - Employment income (billions),Billions of dollars,billions,Economic Contributions,Statistics Canada,https://www150.statcan.gc.ca/t1/tbl1/en/tv.action?pid=3610061001
econ_gdp,Economic contributions - GDP,Millions of dollars,millions,Economic Contributions,Statistics Canada,https://www150.statcan.gc.ca/t1/tbl1/en/tv.action?pid=3610061001
econ_gdp_billions,Economic contributions - GDP (billions),Billions of dollars,billions,Economic Contributions,Statistics Canada,https://www150.statcan.gc.ca/t1/tbl1/en/tv.action?pid=3610061001
econ_investment_value,"Annual investment - Fuel, energy and pipelines",Millions of dollars,millions,Economic Contributions,Statistics Canada,https://www150.statcan.gc.ca/t1/tbl1/en/tv.action?pid=3610061001
econ_investment_value_billions,Annual investment (billions),Billions of dollars,billions,Economic Contributions,Statistics Canada,https://www150.statcan.gc.ca/t1/tbl1/en/tv.action?pid=3610061001
econ_jobs,Economic contributions - Jobs (direct + indirect),Number,units,Economic Contributions,Statistics Canada,https://www150.statcan.gc.ca/t1/tbl1/en/tv.action?pid=3610061001
econ_jobs_thousands,Economic contributions - Jobs (thousands),Thousands,thousands,Economic Contributions,Statistics Canada,https://www150.statcan.gc.ca/t1/tbl1/en/tv.action?pid=3610061001
energy_prod_australia_pct,Australia Share of World Energy Production,%,percent,World Energy Production,International Energy Agency,https://www.iea.org/data-and-statistics/data-tools/world-energy-balances
energy_prod_canada_growth_since_2005,Canada Energy Production Growth Since 2005,%,percent,World Energy Production,International Energy Agency,https://www.iea.org/data-and-statistics/data-tools/world-energy-balances
energy_prod_canada_pct,Canada Share of World Energy Production,%,percent,World Energy Production,International Energy Agency,https://www.iea.org/data-and-statistics/data-tools/world-energy-balances
energy_prod_canada_pj,Canada Primary Energy Production,PJ,petajoules,World Energy Production,International Energy Agency,https://www.iea.org/data-and-statistics/data-tools/world-energy-balances
energy_prod_china_pct,China Share of World Energy Production,%,percent,World Energy Production,International Energy Agency,https://www.iea.org/data-and-statistics/data-tools/world-energy-balances
energy_prod_india_pct,India Share of World Energy Production,%,percent,World Energy Production,International Energy Agency,https://www.iea.org/data-and-statistics/data-tools/world-energy-balances
energy_prod_indonesia_pct,Indonesia Share of World Energy Production,%,percent,World Energy Production,International Energy Agency,https://www.iea.org/data-and-statistics/data-tools/world-energy-balances
energy_prod_united_states_pct,United States Share of World Energy Production,%,percent,World Energy Production,International Energy Agency,https://www.iea.org/data-and-statistics/data-tools/world-energy-balances
energy_prod_world_growth_since_2005,World Energy Production Growth Since 2005,%,percent,World Energy Production,International Energy Agency,https://www.iea.org/data-and-statistics/data-tools/world-energy-balances
energy_prod_world_total,World Total Primary Energy Production,PJ,petajoules,World Energy Production,International Energy Agency,https://www.iea.org/data-and-statistics/data-tools/world-energy-balances
envcleantech_eco_exports,"Environmental and clean technology products, international exports",Millions of dollars,millions,Environmental and Clean Technology,Statistics Canada,https://www150.statcan.gc.ca/t1/tbl1/en/tv.action?pid=3610062901
envcleantech_eco_jobs_clean_energy,"Clean energy jobs (electric power, engineering, equipment)",Number,units,Environmental and Clean Technology,Statistics Canada,https://www150.statcan.gc.ca/t1/tbl1/en/tv.action?pid=3610063201
envcleantech_eco_jobs_total,"Environmental and clean technology products, jobs total",Number,units,Environmental and Clean Technology,Statistics Canada,https://www150.statcan.gc.ca/t1/tbl1/en/tv.action?pid=3610063201
envcleantech_employment_total,"Employment, total all industries",Thousands,thousands,Environmental and Clean Technology,Statistics Canada,https://www150.statcan.gc.ca/t1/tbl1/en/tv.action?pid=1410002301
envcleantech_gdp_annual,"Gross domestic product at market prices, annual",Millions of dollars,millions,Environmental and Clean Technology,Statistics Canada,https://www150.statcan.gc.ca/t1/tbl1/en/tv.action?pid=3610010301
envcleantech_tmx_can_count,TSX/TSXV cleantech companies headquartered in Canada,Number,units,Environmental and Clean Technology,Toronto Stock Exchange,https://www.tsx.com/resource/en/571
envcleantech_tmx_can_mcap,TSX/TSXV cleantech Canada-headquartered market capitalization,Billions of dollars,billions,Environmental and Clean Technology,Toronto Stock Exchange,https://www.tsx.com/resource/en/571
envcleantech_tmx_count,"TSX/TSXV cleantech listed companies, count",Number,units,Environmental and Clean Technology,Toronto Stock Exchange,https://www.tsx.com/resource/en/571
envcleantech_tmx_mcap_total,TSX/TSXV cleantech total market capitalization,Billions of dollars,billions,Environmental and Clean Technology,Toronto Stock Exchange,https://www.tsx.com/resource/en/571
enviro_all_industries_total,Total industries - Total environmental protection expenditures,Millions of dollars,millions,Environmental Protection,Statistics Canada,https://www150.statcan.gc.ca/t1/tbl1/en/tv.action?pid=3810013001
enviro_all_industries_total_billions,All industries - Total (billions),Billions of dollars,billions,Environmental Protection,Statistics Canada,https://www150.statcan.gc.ca/t1/tbl1/en/tv.action?pid=3810013001
enviro_electric_total,Electric power generation - Total environmental protection expenditures,Millions of dollars,millions,Environmental Protection,Statistics Canada,https://www150.statcan.gc.ca/t1/tbl1/en/tv.action?pid=3810013001
enviro_electric_total_billions,Electric power - Total (billions),Billions of dollars,billions,Environmental Protection,Statistics Canada,https://www150.statcan.gc.ca/t1/tbl1/en/tv.action?pid=3810013001
enviro_natural_gas_total,Natural gas distribution - Total environmental protection expenditures,Millions of dollars,millions,Environmental Protection,Statistics Canada,https://www150.statcan.gc.ca/t1/tbl1/en/tv.action?pid=3810013001
enviro_oil_gas_air,Oil and gas extraction - Air pollution management,Millions of dollars,millions,Environmental Protection,Statistics Canada,https://www150.statcan.gc.ca/t1/tbl1/en/tv.action?pid=3810013001
enviro_oil_gas_other,Oil and gas extraction - Other environmental protection activities,Millions of dollars,millions,Environmental Protection,Statistics Canada,https://www150.statcan.gc.ca/t1/tbl1/en/tv.action?pid=3810013001
enviro_oil_gas_soil,"Oil and gas extraction - Protection and remediation of soil, groundwater and surface water",Millions of dollars,millions,Environmental Protection,Statistics Canada,https://www150.statcan.gc.ca/t1/tbl1/en/tv.action?pid=3810013001
enviro_oil_gas_solid_waste,Oil and gas extraction - Solid waste management,Millions of dollars,millions,Environmental Protection,Statistics Canada,https://www150.statcan.gc.ca/t1/tbl1/en/tv.action?pid=3810013001
enviro_oil_gas_total,Oil and gas extraction - Total environmental protection expenditures,Millions of dollars,millions,Environmental Protection,Statistics Canada,https://www150.statcan.gc.ca/t1/tbl1/en/tv.action?pid=3810013001
enviro_oil_gas_total_billions,Oil and gas - Total (billions),Billions of dollars,billions,Environmental Protection,Statistics Canada,https://www150.statcan.gc.ca/t1/tbl1/en/tv.action?pid=3810013001
enviro_oil_gas_wastewater,Oil and gas extraction - Wastewater management,Millions of dollars,millions,Environmental Protection,Statistics Canada,https://www150.statcan.gc.ca/t1/tbl1/en/tv.action?pid=3810013001
enviro_petroleum_pollution,Petroleum and coal product manufacturing - Pollution abatement and control,Millions of dollars,millions,Environmental Protection,Statistics Canada,https://www150.statcan.gc.ca/t1/tbl1/en/tv.action?pid=3810013001
enviro_petroleum_total,Petroleum and coal product manufacturing - Total environmental protection expenditures,Millions of dollars,millions,Environmental Protection,Statistics Canada,https://www150.statcan.gc.ca/t1/tbl1/en/tv.action?pid=3810013001
foreign_all_non_financial,Foreign control - Total non-financial industries,Percent,percent,Foreign Control,Statistics Canada,https://www150.statcan.gc.ca/t1/tbl1/en/tv.action?pid=3310002401
foreign_oil_gas,Foreign control - Oil and gas extraction,Percent,percent,Foreign Control,Statistics Canada,https://www150.statcan.gc.ca/t1/tbl1/en/tv.action?pid=3310002401
foreign_utilities,Foreign control - Utilities,Percent,percent,Foreign Control,Statistics Canada,https://www150.statcan.gc.ca/t1/tbl1/en/tv.action?pid=3310002401
gdp_nominal_direct,Energy's nominal GDP contribution - Direct,Millions of dollars,millions,Nominal GDP,NRCan,https://docs.google.com/document/d/11ad-aqY6WjcQwHRWuSrZgQKxMD_U6jKaXlR5q-p0CXI/
gdp_nominal_direct_billions,Energy's nominal GDP - Direct (billions),Billions of dollars,billions,Nominal GDP,NRCan,https://docs.google.com/document/d/11ad-aqY6WjcQwHRWuSrZgQKxMD_U6jKaXlR5q-p0CXI/
gdp_nominal_direct_pct,Energy's nominal GDP share - Direct,Percent,percent,Nominal GDP,NRCan,https://docs.google.com/document/d/11ad-aqY6WjcQwHRWuSrZgQKxMD_U6jKaXlR5q-p0CXI/
gdp_nominal_electricity,Energy's nominal GDP contribution - Electricity,Millions of dollars,millions,Nominal GDP,NRCan,https://docs.google.com/document/d/11ad-aqY6WjcQwHRWuSrZgQKxMD_U6jKaXlR5q-p0CXI/
gdp_nominal_electricity_billions,Energy's nominal GDP - Electricity (billions),Billions of dollars,billions,Nominal GDP,NRCan,https://docs.google.com/document/d/11ad-aqY6WjcQwHRWuSrZgQKxMD_U6jKaXlR5q-p0CXI/
gdp_nominal_electricity_pct,Energy's nominal GDP share - Electricity,Percent,percent,Nominal GDP,NRCan,https://docs.google.com/document/d/11ad-aqY6WjcQwHRWuSrZgQKxMD_U6jKaXlR5q-p0CXI/
gdp_nominal_indirect,Energy's nominal GDP contribution - Indirect,Millions of dollars,millions,Nominal GDP,NRCan,https://docs.google.com/document/d/11ad-aqY6WjcQwHRWuSrZgQKxMD_U6jKaXlR5q-p0CXI/
gdp_nominal_indirect_billions,Energy's nominal GDP - Indirect (billions),Billions of dollars,billions,Nominal GDP,NRCan,https://docs.google.com/document/d/11ad-aqY6WjcQwHRWuSrZgQKxMD_U6jKaXlR5q-p0CXI/
gdp_nominal_indirect_pct,Energy's nominal GDP share - Indirect,Percent,percent,Nominal GDP,NRCan,https://docs.google.com/document/d/11ad-aqY6WjcQwHRWuSrZgQKxMD_U6jKaXlR5q-p0CXI/
gdp_nominal_market,Nominal GDP at market prices,Millions of dollars,millions,Nominal GDP,NRCan,https://docs.google.com/document/d/11ad-aqY6WjcQwHRWuSrZgQKxMD_U6jKaXlR5q-p0CXI/
gdp_nominal_market_billions,Nominal GDP at market prices (billions),Billions of dollars,billions,Nominal GDP,NRCan,https://docs.google.com/document/d/11ad-aqY6WjcQwHRWuSrZgQKxMD_U6jKaXlR5q-p0CXI/
gdp_nominal_other,Energy's nominal GDP contribution - Other,Millions of dollars,millions,Nominal GDP,NRCan,https://docs.google.com/document/d/11ad-aqY6WjcQwHRWuSrZgQKxMD_U6jKaXlR5q-p0CXI/
gdp_nominal_other_billions,Energy's nominal GDP - Other (billions),Billions of dollars,billions,Nominal GDP,NRCan,https://docs.google.com/document/d/11ad-aqY6WjcQwHRWuSrZgQKxMD_U6jKaXlR5q-p0CXI/
gdp_nominal_other_pct,Energy's nominal GDP share - Other,Percent,percent,Nominal GDP,NRCan,https://docs.google.com/document/d/11ad-aqY6WjcQwHRWuSrZgQKxMD_U6jKaXlR5q-p0CXI/
gdp_nominal_petroleum,Energy's nominal GDP contribution - Petroleum,Millions of dollars,millions,Nominal GDP,NRCan,https://docs.google.com/document/d/11ad-aqY6WjcQwHRWuSrZgQKxMD_U6jKaXlR5q-p0CXI/
gdp_nominal_petroleum_billions,Energy's nominal GDP - Petroleum (billions),Billions of dollars,billions,Nominal GDP,NRCan,https://docs.google.com/document/d/11ad-aqY6WjcQwHRWuSrZgQKxMD_U6jKaXlR5q-p0CXI/
gdp_nominal_petroleum_pct,Energy's nominal GDP share - Petroleum,Percent,percent,Nominal GDP,NRCan,https://docs.google.com/document/d/11ad-aqY6WjcQwHRWuSrZgQKxMD_U6jKaXlR5q-p0CXI/
gdp_nominal_total,Energy's nominal GDP contribution - Total,Millions of dollars,millions,Nominal GDP,NRCan,https://docs.google.com/document/d/11ad-aqY6WjcQwHRWuSrZgQKxMD_U6jKaXlR5q-p0CXI/
gdp_nominal_total_billions,Energy's nominal GDP - Total (billions),Billions of dollars,billions,Nominal GDP,NRCan,https://docs.google.com/document/d/11ad-aqY6WjcQwHRWuSrZgQKxMD_U6jKaXlR5q-p0CXI/
gdp_nominal_total_pct,Energy's nominal GDP share - Total,Percent,percent,Nominal GDP,NRCan,https://docs.google.com/document/d/11ad-aqY6WjcQwHRWuSrZgQKxMD_U6jKaXlR5q-p0CXI/
gdp_prov_ab,Energy sector direct nominal GDP - Alberta,Millions of dollars,millions,Provincial GDP,Statistics Canada,https://www150.statcan.gc.ca/t1/tbl1/en/tv.action?pid=3610062401
gdp_prov_bc,Energy sector direct nominal GDP - British Columbia,Millions of dollars,millions,Provincial GDP,Statistics Canada,https://www150.statcan.gc.ca/t1/tbl1/en/tv.action?pid=3610062401
gdp_prov_mb,Energy sector direct nominal GDP - Manitoba,Millions of dollars,millions,Provincial GDP,Statistics Canada,https://www150.statcan.gc.ca/t1/tbl1/en/tv.action?pid=3610062401
gdp_prov_national_total,Energy sector direct nominal GDP - Canada total,Millions of dollars,millions,Provincial GDP,Statistics Canada,https://www150.statcan.gc.ca/t1/tbl1/en/tv.action?pid=3610062401
gdp_prov_nb,Energy sector direct nominal GDP - New Brunswick,Millions of dollars,millions,Provincial GDP,Statistics Canada,https://www150.statcan.gc.ca/t1/tbl1/en/tv.action?pid=3610062401
gdp_prov_nl,Energy sector direct nominal GDP - Newfoundland and Labrador,Millions of dollars,millions,Provincial GDP,Statistics Canada,https://www150.statcan.gc.ca/t1/tbl1/en/tv.action?pid=3610062401
gdp_prov_ns,Energy sector direct nominal GDP - Nova Scotia,Millions of dollars,millions,Provincial GDP,Statistics Canada,https://www150.statcan.gc.ca/t1/tbl1/en/tv.action?pid=3610062401
gdp_prov_nt,Energy sector direct nominal GDP - Northwest Territories,Millions of dollars,millions,Provincial GDP,Statistics Canada,https://www150.statcan.gc.ca/t1/tbl1/en/tv.action?pid=3610062401
gdp_prov_nu,Energy sector direct nominal GDP - Nunavut,Millions of dollars,millions,Provincial GDP,Statistics Canada,https://www150.statcan.gc.ca/t1/tbl1/en/tv.action?pid=3610062401
gdp_prov_on,Energy sector direct nominal GDP - Ontario,Millions of dollars,millions,Provincial GDP,Statistics Canada,https://www150.statcan.gc.ca/t1/tbl1/en/tv.action?pid=3610062401
gdp_prov_pe,Energy sector direct nominal GDP - Prince Edward Island,Millions of dollars,millions,Provincial GDP,Statistics Canada,https://www150.statcan.gc.ca/t1/tbl1/en/tv.action?pid=3610062401
gdp_prov_qc,Energy sector direct nominal GDP - Quebec,Millions of dollars,millions,Provincial GDP,Statistics Canada,https://www150.statcan.gc.ca/t1/tbl1/en/tv.action?pid=3610062401
gdp_prov_sk,Energy sector direct nominal GDP - Saskatchewan,Millions of dollars,millions,Provincial GDP,Statistics Canada,https://www150.statcan.gc.ca/t1/tbl1/en/tv.action?pid=3610062401
gdp_prov_yt,Energy sector direct nominal GDP - Yukon,Millions of dollars,millions,Provincial GDP,Statistics Canada,https://www150.statcan.gc.ca/t1/tbl1/en/tv.action?pid=3610062401
ghg_agriculture,GHG Emissions - Agriculture,Mt CO2 eq,megatonnes,GHG Emissions by Economic Sector,Environment and Climate Change Canada,https://data-donnees.az.ec.gc.ca/api/file?path=%2Fsubstances%2Fmonitor%2Fcanada-s-official-greenhouse-gas-inventory%2FB-Economic-Sector%2FEN_Annex10_GHG_Econ_Canada.xlsx
ghg_buildings,GHG Emissions - Buildings,Mt CO2 eq,megatonnes,GHG Emissions by Economic Sector,Environment and Climate Change Canada,https://data-donnees.az.ec.gc.ca/api/file?path=%2Fsubstances%2Fmonitor%2Fcanada-s-official-greenhouse-gas-inventory%2FB-Economic-Sector%2FEN_Annex10_GHG_Econ_Canada.xlsx
ghg_electricity,GHG Emissions - Electricity,Mt CO2 eq,megatonnes,GHG Emissions by Economic Sector,Environment and Climate Change Canada,https://data-donnees.az.ec.gc.ca/api/file?path=%2Fsubstances%2Fmonitor%2Fcanada-s-official-greenhouse-gas-inventory%2FB-Economic-Sector%2FEN_Annex10_GHG_Econ_Canada.xlsx
ghg_heavy_industry,GHG Emissions - Heavy Industry,Mt CO2 eq,megatonnes,GHG Emissions by Economic Sector,Environment and Climate Change Canada,https://data-donnees.az.ec.gc.ca/api/file?path=%2Fsubstances%2Fmonitor%2Fcanada-s-official-greenhouse-gas-inventory%2FB-Economic-Sector%2FEN_Annex10_GHG_Econ_Canada.xlsx
ghg_oil_gas,GHG Emissions - Oil and Gas,Mt CO2 eq,megatonnes,GHG Emissions by Economic Sector,Environment and Climate Change Canada,https://data-donnees.az.ec.gc.ca/api/file?path=%2Fsubstances%2Fmonitor%2Fcanada-s-official-greenhouse-gas-inventory%2FB-Economic-Sector%2FEN_Annex10_GHG_Econ_Canada.xlsx
ghg_oilgas_spotlight_conventional_oil,GHG oil and gas spotlight - Conventional oil,Mt CO2 eq,megatonnes,GHG Emissions by Economic Sector,Oil and gas GHG spotlight (interim modeled split),Natural Resources Canada
ghg_oilgas_spotlight_natural_gas,GHG oil and gas spotlight - Natural gas,Mt CO2 eq,megatonnes,GHG Emissions by Economic Sector,Oil and gas GHG spotlight (interim modeled split),Natural Resources Canada
ghg_oilgas_spotlight_oil_sands,GHG oil and gas spotlight - Oil sands,Mt CO2 eq,megatonnes,GHG Emissions by Economic Sector,Oil and gas GHG spotlight (interim modeled split),Natural Resources Canada
ghg_oilgas_spotlight_other,GHG oil and gas spotlight - Other,Mt CO2 eq,megatonnes,GHG Emissions by Economic Sector,Oil and gas GHG spotlight (interim modeled split),Natural Resources Canada
ghg_transportation,GHG Emissions - Transportation,Mt CO2 eq,megatonnes,GHG Emissions by Economic Sector,Environment and Climate Change Canada,https://data-donnees.az.ec.gc.ca/api/file?path=%2Fsubstances%2Fmonitor%2Fcanada-s-official-greenhouse-gas-inventory%2FB-Economic-Sector%2FEN_Annex10_GHG_Econ_Canada.xlsx
ghg_waste_others,GHG Emissions - Waste and Others,Mt CO2 eq,megatonnes,GHG Emissions by Economic Sector,Environment and Climate Change Canada,https://data-donnees.az.ec.gc.ca/api/file?path=%2Fsubstances%2Fmonitor%2Fcanada-s-official-greenhouse-gas-inventory%2FB-Economic-Sector%2FEN_Annex10_GHG_Econ_Canada.xlsx
ind_ccog,Industrial coke and coke oven gas (PJ),PJ,petajoules,Industrial sector energy use by fuel type,Natural Resources Canada (OEE),https://oee.nrcan.gc.ca/corporate/statistics/neud/dpa/showTable.cfm?type=CP&sector=agg&juris=ca&rn=1&page=0
ind_cl,Industrial coal (PJ),PJ,petajoules,Industrial sector energy use by fuel type,Natural Resources Canada (OEE),https://oee.nrcan.gc.ca/corporate/statistics/neud/dpa/showTable.cfm?type=CP&sector=agg&juris=ca&rn=1&page=0
ind_dfox,"Industrial diesel fuel oil, light fuel oil and kerosene (PJ)",PJ,petajoules,Industrial sector energy use by fuel type,Natural Resources Canada (OEE),https://oee.nrcan.gc.ca/corporate/statistics/neud/dpa/showTable.cfm?type=CP&sector=agg&juris=ca&rn=1&page=0
ind_ee_improvement_pct,Industrial energy efficiency improvement excluding resource extraction (2000 to end year),%,percent,Industrial sector energy use by fuel type,Natural Resources Canada (OEE),EE Improvement
ind_ee_savings_billion,Industrial energy cost savings excluding resource extraction (billion $),billion $,billions,Industrial sector energy use by fuel type,Natural Resources Canada (OEE),EE Improvement
ind_ee_savings_pj,Industrial energy savings excluding resource extraction (PJ),PJ,petajoules,Industrial sector energy use by fuel type,Natural Resources Canada (OEE),EE Improvement
ind_ele,Industrial electricity (PJ),PJ,petajoules,Industrial sector energy use by fuel type,Natural Resources Canada (OEE),https://oee.nrcan.gc.ca/corporate/statistics/neud/dpa/showTable.cfm?type=CP&sector=agg&juris=ca&rn=1&page=0
ind_hfo,Industrial heavy fuel oil (PJ),PJ,petajoules,Industrial sector energy use by fuel type,Natural Resources Canada (OEE),https://oee.nrcan.gc.ca/corporate/statistics/neud/dpa/showTable.cfm?type=CP&sector=agg&juris=ca&rn=1&page=0
ind_lgp,Industrial LPG and gas plant NGL (PJ),PJ,petajoules,Industrial sector energy use by fuel type,Natural Resources Canada (OEE),https://oee.nrcan.gc.ca/corporate/statistics/neud/dpa/showTable.cfm?type=CP&sector=agg&juris=ca&rn=1&page=0
ind_ng,Industrial natural gas (PJ),PJ,petajoules,Industrial sector energy use by fuel type,Natural Resources Canada (OEE),https://oee.nrcan.gc.ca/corporate/statistics/neud/dpa/showTable.cfm?type=CP&sector=agg&juris=ca&rn=1&page=0
ind_ot,Industrial other (PJ),PJ,petajoules,Industrial sector energy use by fuel type,Natural Resources Canada (OEE),https://oee.nrcan.gc.ca/corporate/statistics/neud/dpa/showTable.cfm?type=CP&sector=agg&juris=ca&rn=1&page=0
ind_other_x,Industrial other fuel group (PJ),PJ,petajoules,Industrial sector energy use by fuel type,Natural Resources Canada (OEE),https://oee.nrcan.gc.ca/corporate/statistics/neud/dpa/showTable.cfm?type=CP&sector=agg&juris=ca&rn=1&page=0
ind_sgpc,Industrial still gas and petroleum coke (PJ),PJ,petajoules,Industrial sector energy use by fuel type,Natural Resources Canada (OEE),https://oee.nrcan.gc.ca/corporate/statistics/neud/dpa/showTable.cfm?type=CP&sector=agg&juris=ca&rn=1&page=0
ind_teu,Industrial total energy use (PJ),PJ,petajoules,Industrial sector energy use by fuel type,Natural Resources Canada (OEE),https://oee.nrcan.gc.ca/corporate/statistics/neud/dpa/showTable.cfm?type=CP&sector=agg&juris=ca&rn=1&page=0
ind_wwpl,Industrial wood waste and pulping liquor (PJ),PJ,petajoules,Industrial sector energy use by fuel type,Natural Resources Canada (OEE),https://oee.nrcan.gc.ca/corporate/statistics/neud/dpa/showTable.cfm?type=CP&sector=agg&juris=ca&rn=1&page=0
infra_education,Infrastructure - Education,Millions of dollars,millions,Infrastructure,Statistics Canada,https://www150.statcan.gc.ca/t1/tbl1/en/tv.action?pid=3610060801
infra_education_billions,Infrastructure - Education,Billions of dollars,billions,Infrastructure,Statistics Canada,https://www150.statcan.gc.ca/t1/tbl1/en/tv.action?pid=3610060801
infra_education_pct,Infrastructure - Education (% of total),Percent,percent,Infrastructure,Statistics Canada,https://www150.statcan.gc.ca/t1/tbl1/en/tv.action?pid=3610060801
infra_environmental,Infrastructure - Environmental protection,Millions of dollars,millions,Infrastructure,Statistics Canada,https://www150.statcan.gc.ca/t1/tbl1/en/tv.action?pid=3610060801
infra_environmental_billions,Infrastructure - Environmental protection,Billions of dollars,billions,Infrastructure,Statistics Canada,https://www150.statcan.gc.ca/t1/tbl1/en/tv.action?pid=3610060801
infra_environmental_pct,Infrastructure - Environmental protection (% of total),Percent,percent,Infrastructure,Statistics Canada,https://www150.statcan.gc.ca/t1/tbl1/en/tv.action?pid=3610060801
infra_fuel_energy_pipelines,"Infrastructure - Fuel, energy and pipelines",Millions of dollars,millions,Infrastructure,Statistics Canada,https://www150.statcan.gc.ca/t1/tbl1/en/tv.action?pid=3610060801
infra_fuel_energy_pipelines_billions,"Infrastructure - Fuel, energy and pipelines",Billions of dollars,billions,Infrastructure,Statistics Canada,https://www150.statcan.gc.ca/t1/tbl1/en/tv.action?pid=3610060801
infra_fuel_energy_pipelines_pct,"Infrastructure - Fuel, energy and pipelines (% of total)",Percent,percent,Infrastructure,Statistics Canada,https://www150.statcan.gc.ca/t1/tbl1/en/tv.action?pid=3610060801
infra_health_housing,Infrastructure - Health and housing,Millions of dollars,millions,Infrastructure,Statistics Canada,https://www150.statcan.gc.ca/t1/tbl1/en/tv.action?pid=3610060801
infra_health_housing_billions,Infrastructure - Health and housing,Billions of dollars,billions,Infrastructure,Statistics Canada,https://www150.statcan.gc.ca/t1/tbl1/en/tv.action?pid=3610060801
infra_health_housing_pct,Infrastructure - Health and housing (% of total),Percent,percent,Infrastructure,Statistics Canada,https://www150.statcan.gc.ca/t1/tbl1/en/tv.action?pid=3610060801
infra_public_safety,Infrastructure - Public safety and other,Millions of dollars,millions,Infrastructure,Statistics Canada,https://www150.statcan.gc.ca/t1/tbl1/en/tv.action?pid=3610060801
infra_public_safety_billions,Infrastructure - Public safety,Billions of dollars,billions,Infrastructure,Statistics Canada,https://www150.statcan.gc.ca/t1/tbl1/en/tv.action?pid=3610060801
infra_public_safety_pct,Infrastructure - Public safety (% of total),Percent,percent,Infrastructure,Statistics Canada,https://www150.statcan.gc.ca/t1/tbl1/en/tv.action?pid=3610060801
infra_total,Infrastructure - Total net stock,Millions of dollars,millions,Infrastructure,Statistics Canada,https://www150.statcan.gc.ca/t1/tbl1/en/tv.action?pid=3610060801
infra_total_billions,Infrastructure - Total net stock,Billions of dollars,billions,Infrastructure,Statistics Canada,https://www150.statcan.gc.ca/t1/tbl1/en/tv.action?pid=3610060801
infra_transport,Infrastructure - Transport (less pipelines),Millions of dollars,millions,Infrastructure,Statistics Canada,https://www150.statcan.gc.ca/t1/tbl1/en/tv.action?pid=3610060801
infra_transport_billions,Infrastructure - Transport,Billions of dollars,billions,Infrastructure,Statistics Canada,https://www150.statcan.gc.ca/t1/tbl1/en/tv.action?pid=3610060801
infra_transport_pct,Infrastructure - Transport (% of total),Percent,percent,Infrastructure,Statistics Canada,https://www150.statcan.gc.ca/t1/tbl1/en/tv.action?pid=3610060801
intl_cdia,Canadian direct investment abroad (CDIA) - Energy industry,Millions of dollars,millions,International Investment,Statistics Canada,https://www150.statcan.gc.ca/t1/tbl1/en/tv.action?pid=3610001001
intl_cdia_billions,CDIA - Energy industry (billions),Billions of dollars,billions,International Investment,Statistics Canada,https://www150.statcan.gc.ca/t1/tbl1/en/tv.action?pid=3610001001
intl_fdi,Foreign direct investment in Canada (FDI) - Energy industry,Millions of dollars,millions,International Investment,Statistics Canada,https://www150.statcan.gc.ca/t1/tbl1/en/tv.action?pid=3610001001
intl_fdi_billions,FDI - Energy industry (billions),Billions of dollars,billions,International Investment,Statistics Canada,https://www150.statcan.gc.ca/t1/tbl1/en/tv.action?pid=3610001001
oee_neud_A,Energy use - Agriculture,PJ,petajoules,Energy Use (OEE NEUD),Natural Resources Canada (OEE),https://oee.nrcan.gc.ca/corporate/statistics/neud/dpa/data_e.html
oee_neud_C,Energy use - Commercial,PJ,petajoules,Energy Use (OEE NEUD),Natural Resources Canada (OEE),https://oee.nrcan.gc.ca/corporate/statistics/neud/dpa/data_e.html
oee_neud_EL,Energy use - Energy losses,PJ,petajoules,Energy Use (OEE NEUD),Natural Resources Canada (OEE),https://oee.nrcan.gc.ca/corporate/statistics/neud/dpa/data_e.html
oee_neud_FK,Energy use - Non-covered producer/consumption,PJ,petajoules,Energy Use (OEE NEUD),Natural Resources Canada (OEE),https://oee.nrcan.gc.ca/corporate/statistics/neud/dpa/data_e.html
oee_neud_I,Energy use - Industrial,PJ,petajoules,Energy Use (OEE NEUD),Natural Resources Canada (OEE),https://oee.nrcan.gc.ca/corporate/statistics/neud/dpa/data_e.html
oee_neud_NPC,Energy use - Non-energy (feedstock),PJ,petajoules,Energy Use (OEE NEUD),Natural Resources Canada (OEE),https://oee.nrcan.gc.ca/corporate/statistics/neud/dpa/data_e.html
oee_neud_P,Energy use - Pipeline,PJ,petajoules,Energy Use (OEE NEUD),Natural Resources Canada (OEE),https://oee.nrcan.gc.ca/corporate/statistics/neud/dpa/data_e.html
oee_neud_R,Energy use - Residential,PJ,petajoules,Energy Use (OEE NEUD),Natural Resources Canada (OEE),https://oee.nrcan.gc.ca/corporate/statistics/neud/dpa/data_e.html
oee_neud_T,Energy use - Transportation,PJ,petajoules,Energy Use (OEE NEUD),Natural Resources Canada (OEE),https://oee.nrcan.gc.ca/corporate/statistics/neud/dpa/data_e.html
projects_electricity_count,Electricity - Number of projects,Number,units,Major Projects,NRCan,https://natural-resources.canada.ca/science-data/data-analysis/natural-resources-major-projects-planned-under-construction-2024-2034
projects_electricity_value,Electricity - Project value,Billions of dollars,billions,Major Projects,NRCan,https://natural-resources.canada.ca/science-data/data-analysis/natural-resources-major-projects-planned-under-construction-2024-2034
projects_oil_gas_count,Oil and gas - Number of projects,Number,units,Major Projects,NRCan,https://natural-resources.canada.ca/science-data/data-analysis/natural-resources-major-projects-planned-under-construction-2024-2034
projects_oil_gas_value,Oil and gas - Project value,Billions of dollars,billions,Major Projects,NRCan,https://natural-resources.canada.ca/science-data/data-analysis/natural-resources-major-projects-planned-under-construction-2024-2034
projects_other_count,Other - Number of projects,Number,units,Major Projects,NRCan,https://natural-resources.canada.ca/science-data/data-analysis/natural-resources-major-projects-planned-under-construction-2024-2034
projects_other_value,Other - Project value,Billions of dollars,billions,Major Projects,NRCan,https://natural-resources.canada.ca/science-data/data-analysis/natural-resources-major-projects-planned-under-construction-2024-2034
projects_total_count,Total - Number of projects,Number,units,Major Projects,NRCan,https://natural-resources.canada.ca/science-data/data-analysis/natural-resources-major-projects-planned-under-construction-2024-2034
projects_total_value,Total - Project value,Billions of dollars,billions,Major Projects,NRCan,https://natural-resources.canada.ca/science-data/data-analysis/natural-resources-major-projects-planned-under-construction-2024-2034
res_appliances_pj,Residential appliances energy use (PJ),PJ,petajoules,Residential energy (energy in our daily lives),Natural Resources Canada (OEE),https://oee.nrcan.gc.ca/corporate/statistics/neud/dpa/showTable.cfm?type=HB&sector=res&juris=00&rn=1&year=2023&page=1
res_ee_improvement_pct,Residential energy efficiency improvement (2000 to end year),%,percent,Residential energy (energy in our daily lives),Natural Resources Canada (OEE),https://oee.nrcan.gc.ca/corporate/statistics/neud/dpa/showTable.cfm?type=AN&sector=res&juris=00&rn=11&year=2023&page=1
res_ee_savings_billion,Residential energy cost savings (billion $),billion $,billions,Residential energy (energy in our daily lives),Natural Resources Canada (OEE),https://oee.nrcan.gc.ca/corporate/statistics/neud/dpa/showTable.cfm?type=AN&sector=res&juris=00&rn=11&year=2023&page=1
res_ee_savings_pj,Residential energy savings (PJ),PJ,petajoules,Residential energy (energy in our daily lives),Natural Resources Canada (OEE),https://oee.nrcan.gc.ca/corporate/statistics/neud/dpa/showTable.cfm?type=AN&sector=res&juris=00&rn=11&year=2023&page=1
res_eee,Residential energy efficiency effect (PJ),PJ,petajoules,Residential energy (energy in our daily lives),Natural Resources Canada (OEE),https://oee.nrcan.gc.ca/corporate/statistics/neud/dpa/showTable.cfm?type=AN&sector=res&juris=00&rn=11&year=2023&page=1
res_lighting_pj,Residential lighting energy use (PJ),PJ,petajoules,Residential energy (energy in our daily lives),Natural Resources Canada (OEE),https://oee.nrcan.gc.ca/corporate/statistics/neud/dpa/showTable.cfm?type=HB&sector=res&juris=00&rn=1&year=2023&page=1
res_reu_space_heating,Residential space heating (PJ) from HB table,PJ,petajoules,Residential energy (energy in our daily lives),Natural Resources Canada (OEE),https://oee.nrcan.gc.ca/corporate/statistics/neud/dpa/showTable.cfm?type=HB&sector=res&juris=00&rn=1&year=2023&page=1
res_reu_total,Residential total energy use (PJ) from HB table,PJ,petajoules,Residential energy (energy in our daily lives),Natural Resources Canada (OEE),https://oee.nrcan.gc.ca/corporate/statistics/neud/dpa/showTable.cfm?type=HB&sector=res&juris=00&rn=1&year=2023&page=1
res_reu_water_heating,Residential water heating (PJ) from HB table,PJ,petajoules,Residential energy (energy in our daily lives),Natural Resources Canada (OEE),https://oee.nrcan.gc.ca/corporate/statistics/neud/dpa/showTable.cfm?type=HB&sector=res&juris=00&rn=1&year=2023&page=1
res_sh_ele,Space heating electricity (PJ),PJ,petajoules,Residential energy (energy in our daily lives),Natural Resources Canada (OEE),https://oee.nrcan.gc.ca/corporate/statistics/neud/dpa/showTable.cfm?type=CP&sector=res&juris=ca&rn=7&year=2023&page=1
res_sh_ho,Space heating heating oil (PJ),PJ,petajoules,Residential energy (energy in our daily lives),Natural Resources Canada (OEE),https://oee.nrcan.gc.ca/corporate/statistics/neud/dpa/showTable.cfm?type=CP&sector=res&juris=ca&rn=7&year=2023&page=1
res_sh_ng,Space heating natural gas (PJ),PJ,petajoules,Residential energy (energy in our daily lives),Natural Resources Canada (OEE),https://oee.nrcan.gc.ca/corporate/statistics/neud/dpa/showTable.cfm?type=CP&sector=res&juris=ca&rn=7&year=2023&page=1
res_sh_ot,Space heating other (PJ),PJ,petajoules,Residential energy (energy in our daily lives),Natural Resources Canada (OEE),https://oee.nrcan.gc.ca/corporate/statistics/neud/dpa/showTable.cfm?type=CP&sector=res&juris=ca&rn=7&year=2023&page=1
res_sh_total,Total space heating energy use (PJ) from Table 7,PJ,petajoules,Residential energy (energy in our daily lives),Natural Resources Canada (OEE),https://oee.nrcan.gc.ca/corporate/statistics/neud/dpa/showTable.cfm?type=CP&sector=res&juris=ca&rn=7&year=2023&page=1
res_sh_wd,Space heating wood (PJ),PJ,petajoules,Residential energy (energy in our daily lives),Natural Resources Canada (OEE),https://oee.nrcan.gc.ca/corporate/statistics/neud/dpa/showTable.cfm?type=CP&sector=res&juris=ca&rn=7&year=2023&page=1
res_space_cooling_pj,Residential space cooling energy use (PJ),PJ,petajoules,Residential energy (energy in our daily lives),Natural Resources Canada (OEE),https://oee.nrcan.gc.ca/corporate/statistics/neud/dpa/showTable.cfm?type=HB&sector=res&juris=00&rn=1&year=2023&page=1
res_space_heating_pj,Residential space heating energy use (PJ),PJ,petajoules,Residential energy (energy in our daily lives),Natural Resources Canada (OEE),https://oee.nrcan.gc.ca/corporate/statistics/neud/dpa/showTable.cfm?type=AN&sector=res&juris=00&rn=11&year=2023&page=1
res_ter,Residential total energy use (PJ) from Residential sheet,PJ,petajoules,Residential energy (energy in our daily lives),Natural Resources Canada (OEE),https://oee.nrcan.gc.ca/corporate/statistics/neud/dpa/showTable.cfm?type=AN&sector=res&juris=00&rn=11&year=2023&page=1
res_water_heating_pj,Residential water heating energy use (PJ),PJ,petajoules,Residential energy (energy in our daily lives),Natural Resources Canada (OEE),https://oee.nrcan.gc.ca/corporate/statistics/neud/dpa/showTable.cfm?type=AN&sector=res&juris=00&rn=11&year=2023&page=1
res_wh_ele,Water heating electricity (PJ),PJ,petajoules,Residential energy (energy in our daily lives),Natural Resources Canada (OEE),https://oee.nrcan.gc.ca/corporate/statistics/neud/dpa/showTable.cfm?type=CP&sector=res&juris=ca&rn=14&year=2023&page=1
res_wh_ho,Water heating heating oil (PJ),PJ,petajoules,Residential energy (energy in our daily lives),Natural Resources Canada (OEE),https://oee.nrcan.gc.ca/corporate/statistics/neud/dpa/showTable.cfm?type=CP&sector=res&juris=ca&rn=14&year=2023&page=1
res_wh_ng,Water heating natural gas (PJ),PJ,petajoules,Residential energy (energy in our daily lives),Natural Resources Canada (OEE),https://oee.nrcan.gc.ca/corporate/statistics/neud/dpa/showTable.cfm?type=CP&sector=res&juris=ca&rn=14&year=2023&page=1
res_wh_ot,Water heating other (PJ),PJ,petajoules,Residential energy (energy in our daily lives),Natural Resources Canada (OEE),https://oee.nrcan.gc.ca/corporate/statistics/neud/dpa/showTable.cfm?type=CP&sector=res&juris=ca&rn=14&year=2023&page=1
res_wh_total,Total water heating energy use (PJ) from Table 14,PJ,petajoules,Residential energy (energy in our daily lives),Natural Resources Canada (OEE),https://oee.nrcan.gc.ca/corporate/statistics/neud/dpa/showTable.cfm?type=CP&sector=res&juris=ca&rn=14&year=2023&page=1
res_wh_wd,Water heating wood (PJ),PJ,petajoules,Residential energy (energy in our daily lives),Natural Resources Canada (OEE),https://oee.nrcan.gc.ca/corporate/statistics/neud/dpa/showTable.cfm?type=CP&sector=res&juris=ca&rn=14&year=2023&page=1
seu_BM,Secondary energy use - Biomass,PJ,petajoules,Secondary energy use by fuel type (SEU final demand),Natural Resources Canada (OEE),https://oee.nrcan.gc.ca/corporate/statistics/neud/dpa/showTable.cfm?type=HB&sector=aaa&juris=ca&rn=1&year=2022&page=2
seu_Ele,Secondary energy use - Electricity,PJ,petajoules,Secondary energy use by fuel type (SEU final demand),Natural Resources Canada (OEE),https://oee.nrcan.gc.ca/corporate/statistics/neud/dpa/showTable.cfm?type=HB&sector=aaa&juris=ca&rn=1&year=2022&page=2
seu_mogas,Secondary energy use - Motor gasoline,PJ,petajoules,Secondary energy use by fuel type (SEU final demand),Natural Resources Canada (OEE),https://oee.nrcan.gc.ca/corporate/statistics/neud/dpa/showTable.cfm?type=HB&sector=aaa&juris=ca&rn=1&year=2022&page=2
seu_NG,Secondary energy use - Natural gas,PJ,petajoules,Secondary energy use by fuel type (SEU final demand),Natural Resources Canada (OEE),https://oee.nrcan.gc.ca/corporate/statistics/neud/dpa/showTable.cfm?type=HB&sector=aaa&juris=ca&rn=1&year=2022&page=2
seu_Oil,Secondary energy use - Oil,PJ,petajoules,Secondary energy use by fuel type (SEU final demand),Natural Resources Canada (OEE),https://oee.nrcan.gc.ca/corporate/statistics/neud/dpa/showTable.cfm?type=HB&sector=aaa&juris=ca&rn=1&year=2022&page=2
seu_OOP,Secondary energy use - Other oil products,PJ,petajoules,Secondary energy use by fuel type (SEU final demand),Natural Resources Canada (OEE),https://oee.nrcan.gc.ca/corporate/statistics/neud/dpa/showTable.cfm?type=HB&sector=aaa&juris=ca&rn=1&year=2022&page=2
seu_OT,Secondary energy use - Other,PJ,petajoules,Secondary energy use by fuel type (SEU final demand),Natural Resources Canada (OEE),https://oee.nrcan.gc.ca/corporate/statistics/neud/dpa/showTable.cfm?type=HB&sector=aaa&juris=ca&rn=1&year=2022&page=2
seu_TE,Secondary energy use (final demand) total,PJ,petajoules,Secondary energy use by fuel type (SEU final demand),Natural Resources Canada (OEE),https://oee.nrcan.gc.ca/corporate/statistics/neud/dpa/showTable.cfm?type=HB&sector=aaa&juris=ca&rn=1&year=2022&page=2
