section_order,section_title,page_order_in_section,page_component,title,data_status,indicator_keys,raw_source_tables,vectors_in_csv,vectors_expected,notes
1,"Key energy, economic and environmental indicators",1,Page1,"Key energy, economic and environmental indicators",no_data,,,,,
1,"Key energy, economic and environmental indicators",2,Page2,Energy production and supply,pipeline_present,world_energy_production,iea_web_rankings,energy_prod_australia_pct; energy_prod_australia_pj; energy_prod_australia_rank; energy_prod_brazil_pct; energy_prod_brazil_pj; energy_prod_brazil_rank; energy_prod_canada_growth_since_2005; energy_prod_canada_pct; energy_prod_canada_pj; energy_prod_canada_rank; energy_prod_china_pct; energy_prod_china_pj; energy_prod_china_rank; energy_prod_india_pct; energy_prod_india_pj; energy_prod_india_rank; energy_prod_indonesia_pct; energy_prod_indonesia_pj; energy_prod_indonesia_rank; energy_prod_mexico_pct; energy_prod_mexico_pj; energy_prod_mexico_rank; energy_prod_norway_pct; energy_prod_norway_pj; energy_prod_norway_rank; energy_prod_south_africa_pct; energy_prod_south_africa_pj; energy_prod_south_africa_rank; energy_prod_united_kingdom_pct; energy_prod_united_kingdom_pj; energy_prod_united_kingdom_rank; energy_prod_united_states_pct; energy_prod_united_states_pj; energy_prod_united_states_rank; energy_prod_world_growth_since_2005; energy_prod_world_total,energy_prod_australia_pct; energy_prod_australia_pj; energy_prod_australia_rank; energy_prod_brazil_pct; energy_prod_brazil_pj; energy_prod_brazil_rank; energy_prod_canada_growth_since_2005; energy_prod_canada_pct; energy_prod_canada_pj; energy_prod_canada_rank; energy_prod_china_pct; energy_prod_china_pj; energy_prod_china_rank; energy_prod_india_pct; energy_prod_india_pj; energy_prod_india_rank; energy_prod_indonesia_pct; energy_prod_indonesia_pj; energy_prod_indonesia_rank; energy_prod_mexico_pct; energy_prod_mexico_pj; energy_prod_mexico_rank; energy_prod_norway_pct; energy_prod_norway_pj; energy_prod_norway_rank; energy_prod_south_africa_pct; energy_prod_south_africa_pj; energy_prod_south_africa_rank; energy_prod_united_kingdom_pct; energy_prod_united_kingdom_pj; energy_prod_united_kingdom_rank; energy_prod_united_states_pct; energy_prod_united_states_pj; energy_prod_united_states_rank; energy_prod_world_growth_since_2005; energy_prod_world_total,
1,"Key energy, economic and environmental indicators",3,Page3,Canadian energy production,no_data,,,,,
1,"Key energy, economic and environmental indicators",4,Page4,Primary energy production by source (2023),no_data,,,,,
1,"Key energy, economic and environmental indicators",5,Page5,Primary energy production by region and source (2023),static_hardcoded,,,,,Uses hardcoded or placeholder data in page file
1,"Key energy, economic and environmental indicators",6,Page7,Economic contributions,pipeline_present,nominal_gdp,stc_gdpnom_3610010301,gdp_nominal_direct; gdp_nominal_direct_billions; gdp_nominal_direct_pct; gdp_nominal_electricity; gdp_nominal_electricity_billions; gdp_nominal_electricity_pct; gdp_nominal_indirect; gdp_nominal_indirect_billions; gdp_nominal_indirect_pct; gdp_nominal_market; gdp_nominal_market_billions; gdp_nominal_other; gdp_nominal_other_billions; gdp_nominal_other_pct; gdp_nominal_petroleum; gdp_nominal_petroleum_billions; gdp_nominal_petroleum_pct; gdp_nominal_total; gdp_nominal_total_billions; gdp_nominal_total_pct,gdp_nominal_direct; gdp_nominal_direct_billions; gdp_nominal_direct_pct; gdp_nominal_electricity; gdp_nominal_electricity_billions; gdp_nominal_electricity_pct; gdp_nominal_indirect; gdp_nominal_indirect_billions; gdp_nominal_indirect_pct; gdp_nominal_market; gdp_nominal_market_billions; gdp_nominal_other; gdp_nominal_other_billions; gdp_nominal_other_pct; gdp_nominal_petroleum; gdp_nominal_petroleum_billions; gdp_nominal_petroleum_pct; gdp_nominal_total; gdp_nominal_total_billions; gdp_nominal_total_pct,
1,"Key energy, economic and environmental indicators",7,Page8,(no title key for page8_title),pipeline_present,provincial_gdp,stc_nrsa_3810028501,gdp_prov_ab; gdp_prov_bc; gdp_prov_mb; gdp_prov_national_total; gdp_prov_nb; gdp_prov_nl; gdp_prov_ns; gdp_prov_nt; gdp_prov_nu; gdp_prov_on; gdp_prov_pe; gdp_prov_qc; gdp_prov_sk; gdp_prov_yt,gdp_prov_ab; gdp_prov_bc; gdp_prov_mb; gdp_prov_national_total; gdp_prov_nb; gdp_prov_nl; gdp_prov_ns; gdp_prov_nt; gdp_prov_nu; gdp_prov_on; gdp_prov_pe; gdp_prov_qc; gdp_prov_sk; gdp_prov_yt,
1,"Key energy, economic and environmental indicators",8,Page9,(no title key for page9_title),no_data,,,,,
1,"Key energy, economic and environmental indicators",9,Page10,Energy sector employment,no_data,,,,,
1,"Key energy, economic and environmental indicators",10,Page11,(no title key for page11_title),no_data,,,,,
1,"Key energy, economic and environmental indicators",11,Page14,Canadian energy exports to the U.S. by state (),no_data,,,,,
1,"Key energy, economic and environmental indicators",12,Page15,(no title key for page15_title),static_hardcoded,,,,,Uses hardcoded or placeholder data in page file
1,"Key energy, economic and environmental indicators",13,Page16,Government revenues,no_data,,,,,
1,"Key energy, economic and environmental indicators",14,Page17,Corporate income taxes paid by energy industries (federal and provincial),static_hardcoded,,,,,Uses hardcoded or placeholder data in page file
1,"Key energy, economic and environmental indicators",15,Page20,GHG emissions by Canadian economic sector,pipeline_present,ghg_emissions,nrcan_ghg_semantic,ghg_stat_conv_gas_emissions_pct; ghg_stat_crude_production_pct; ghg_stat_narrative_base_year; ghg_stat_narrative_end_year; ghg_stat_oil_sands_emissions_ratio,ghg_stat_conv_gas_emissions_pct; ghg_stat_crude_production_pct; ghg_stat_narrative_base_year; ghg_stat_narrative_end_year; ghg_stat_oil_sands_emissions_ratio,
1,"Key energy, economic and environmental indicators",16,Page21,(no title key for page21_title),no_data,,,,,
2,Investment,1,Page23,Investment,pipeline_present,capital_expenditures; economic_contributions; infrastructure,stc_capex_3410003601; stc_infra_3610060801; stc_nrsa_3610061001,capex_electricity; capex_electricity_billions; capex_electricity_pct; capex_oil_gas; capex_oil_gas_billions; capex_oil_gas_pct; capex_other; capex_other_billions; capex_other_pct; capex_total; capex_total_billions; econ_employment_income; econ_employment_income_billions; econ_gdp; econ_gdp_billions; econ_investment_value; econ_investment_value_billions; econ_jobs; econ_jobs_thousands; infra_education; infra_education_billions; infra_education_pct; infra_environmental; infra_environmental_billions; infra_environmental_pct; infra_fuel_energy_pipelines; infra_fuel_energy_pipelines_billions; infra_fuel_energy_pipelines_pct; infra_health_housing; infra_health_housing_billions; infra_health_housing_pct; infra_public_safety; infra_public_safety_billions; infra_public_safety_pct; infra_total; infra_total_billions; infra_transport; infra_transport_billions; infra_transport_pct,capex_electricity; capex_electricity_billions; capex_electricity_pct; capex_oil_gas; capex_oil_gas_billions; capex_oil_gas_pct; capex_other; capex_other_billions; capex_other_pct; capex_total; capex_total_billions; econ_employment_income; econ_employment_income_billions; econ_gdp; econ_gdp_billions; econ_investment_value; econ_investment_value_billions; econ_jobs; econ_jobs_thousands; infra_education; infra_education_billions; infra_education_pct; infra_environmental; infra_environmental_billions; infra_environmental_pct; infra_fuel_energy_pipelines; infra_fuel_energy_pipelines_billions; infra_fuel_energy_pipelines_pct; infra_health_housing; infra_health_housing_billions; infra_health_housing_pct; infra_public_safety; infra_public_safety_billions; infra_public_safety_pct; infra_total; infra_total_billions; infra_transport; infra_transport_billions; infra_transport_pct,
2,Investment,2,Page24,Capital expenditures,pipeline_present,capital_expenditures,stc_capex_3410003601,capex_electricity; capex_electricity_billions; capex_electricity_pct; capex_oil_gas; capex_oil_gas_billions; capex_oil_gas_pct; capex_other; capex_other_billions; capex_other_pct; capex_total; capex_total_billions,capex_electricity; capex_electricity_billions; capex_electricity_pct; capex_oil_gas; capex_oil_gas_billions; capex_oil_gas_pct; capex_other; capex_other_billions; capex_other_pct; capex_total; capex_total_billions,
2,Investment,3,Page25,(no title key for page25_title),pipeline_present,infrastructure,stc_infra_3610060801,infra_education; infra_education_billions; infra_education_pct; infra_environmental; infra_environmental_billions; infra_environmental_pct; infra_fuel_energy_pipelines; infra_fuel_energy_pipelines_billions; infra_fuel_energy_pipelines_pct; infra_health_housing; infra_health_housing_billions; infra_health_housing_pct; infra_public_safety; infra_public_safety_billions; infra_public_safety_pct; infra_total; infra_total_billions; infra_transport; infra_transport_billions; infra_transport_pct,infra_education; infra_education_billions; infra_education_pct; infra_environmental; infra_environmental_billions; infra_environmental_pct; infra_fuel_energy_pipelines; infra_fuel_energy_pipelines_billions; infra_fuel_energy_pipelines_pct; infra_health_housing; infra_health_housing_billions; infra_health_housing_pct; infra_public_safety; infra_public_safety_billions; infra_public_safety_pct; infra_total; infra_total_billions; infra_transport; infra_transport_billions; infra_transport_pct,
2,Investment,4,Page26,"Fuel, energy and pipeline infrastructure investment and operations",pipeline_present,economic_contributions,stc_capex_3410003601; stc_nrsa_3610061001,econ_employment_income; econ_employment_income_billions; econ_gdp; econ_gdp_billions; econ_investment_value; econ_investment_value_billions; econ_jobs; econ_jobs_thousands,econ_employment_income; econ_employment_income_billions; econ_gdp; econ_gdp_billions; econ_investment_value; econ_investment_value_billions; econ_jobs; econ_jobs_thousands,
2,Investment,5,Page27,"Public and private investment in fuel, energy and pipeline infrastructure, 2009 to 2024",pipeline_present,investment_by_asset,stc_invasset_3410003601,asset_hydraulic; asset_hydraulic_billions; asset_nuclear; asset_nuclear_billions; asset_other_electric; asset_other_electric_billions; asset_pipelines; asset_pipelines_billions; asset_steam_thermal; asset_steam_thermal_billions; asset_total; asset_total_billions; asset_transmission_distribution; asset_transmission_distribution_billions; asset_wind_solar; asset_wind_solar_billions,asset_hydraulic; asset_hydraulic_billions; asset_nuclear; asset_nuclear_billions; asset_other_electric; asset_other_electric_billions; asset_pipelines; asset_pipelines_billions; asset_steam_thermal; asset_steam_thermal_billions; asset_total; asset_total_billions; asset_transmission_distribution; asset_transmission_distribution_billions; asset_wind_solar; asset_wind_solar_billions,
2,Investment,6,Page28,(no title key for page28_title),pipeline_present,major_projects,nrcan_majorproj_semantic,projects_electricity_count; projects_electricity_value; projects_oil_gas_count; projects_oil_gas_value; projects_other_count; projects_other_value; projects_total_count; projects_total_value,projects_electricity_count; projects_electricity_value; projects_oil_gas_count; projects_oil_gas_value; projects_other_count; projects_other_value; projects_total_count; projects_total_value,
2,Investment,7,Page29,(no title key for page29_title),pipeline_present,clean_tech,nrcan_cleantech_semantic,cleantech_biomass_count; cleantech_biomass_value; cleantech_ccs_count; cleantech_ccs_value; cleantech_geo_alta_count; cleantech_geo_alta_pct; cleantech_geo_atl_count; cleantech_geo_atl_pct; cleantech_geo_bc_count; cleantech_geo_bc_pct; cleantech_geo_man_count; cleantech_geo_man_pct; cleantech_geo_ont_count; cleantech_geo_ont_pct; cleantech_geo_que_count; cleantech_geo_que_pct; cleantech_geo_sask_count; cleantech_geo_sask_pct; cleantech_geo_terr_count; cleantech_geo_terr_pct; cleantech_geo_total; cleantech_geothermal_count; cleantech_geothermal_value; cleantech_hydro_count; cleantech_hydro_value; cleantech_ind_agriculture_forestry_count; cleantech_ind_agriculture_forestry_pct; cleantech_ind_air_env_remediation_count; cleantech_ind_air_env_remediation_pct; cleantech_ind_biofuels_bioenergy_count; cleantech_ind_biofuels_bioenergy_pct; cleantech_ind_energy_efficiency_count; cleantech_ind_energy_efficiency_pct; cleantech_ind_mining_manufacturing_count; cleantech_ind_mining_manufacturing_pct; cleantech_ind_renewable_energy_count; cleantech_ind_renewable_energy_pct; cleantech_ind_smart_grid_storage_count; cleantech_ind_smart_grid_storage_pct; cleantech_ind_transportation_count; cleantech_ind_transportation_pct; cleantech_ind_waste_recycling_count; cleantech_ind_waste_recycling_pct; cleantech_ind_water_wastewater_count; cleantech_ind_water_wastewater_pct; cleantech_multiple_count; cleantech_multiple_value; cleantech_nuclear_count; cleantech_nuclear_value; cleantech_other_count; cleantech_other_value; cleantech_solar_count; cleantech_solar_value; cleantech_storage_count; cleantech_storage_value; cleantech_tidal_count; cleantech_tidal_value; cleantech_total_count; cleantech_total_value; cleantech_wind_count; cleantech_wind_value,cleantech_biomass_count; cleantech_biomass_value; cleantech_ccs_count; cleantech_ccs_value; cleantech_geo_alta_count; cleantech_geo_alta_pct; cleantech_geo_atl_count; cleantech_geo_atl_pct; cleantech_geo_bc_count; cleantech_geo_bc_pct; cleantech_geo_man_count; cleantech_geo_man_pct; cleantech_geo_ont_count; cleantech_geo_ont_pct; cleantech_geo_que_count; cleantech_geo_que_pct; cleantech_geo_sask_count; cleantech_geo_sask_pct; cleantech_geo_terr_count; cleantech_geo_terr_pct; cleantech_geo_total; cleantech_geothermal_count; cleantech_geothermal_value; cleantech_hydro_count; cleantech_hydro_value; cleantech_ind_agriculture_forestry_count; cleantech_ind_agriculture_forestry_pct; cleantech_ind_air_env_remediation_count; cleantech_ind_air_env_remediation_pct; cleantech_ind_biofuels_bioenergy_count; cleantech_ind_biofuels_bioenergy_pct; cleantech_ind_energy_efficiency_count; cleantech_ind_energy_efficiency_pct; cleantech_ind_mining_manufacturing_count; cleantech_ind_mining_manufacturing_pct; cleantech_ind_renewable_energy_count; cleantech_ind_renewable_energy_pct; cleantech_ind_smart_grid_storage_count; cleantech_ind_smart_grid_storage_pct; cleantech_ind_transportation_count; cleantech_ind_transportation_pct; cleantech_ind_waste_recycling_count; cleantech_ind_waste_recycling_pct; cleantech_ind_water_wastewater_count; cleantech_ind_water_wastewater_pct; cleantech_multiple_count; cleantech_multiple_value; cleantech_nuclear_count; cleantech_nuclear_value; cleantech_other_count; cleantech_other_value; cleantech_solar_count; cleantech_solar_value; cleantech_storage_count; cleantech_storage_value; cleantech_tidal_count; cleantech_tidal_value; cleantech_total_count; cleantech_total_value; cleantech_wind_count; cleantech_wind_value,
2,Investment,8,Page30,Major energy projects,pipeline_present,major_projects,nrcan_majorproj_semantic,projects_electricity_count; projects_electricity_value; projects_oil_gas_count; projects_oil_gas_value; projects_other_count; projects_other_value; projects_total_count; projects_total_value,projects_electricity_count; projects_electricity_value; projects_oil_gas_count; projects_oil_gas_value; projects_other_count; projects_other_value; projects_total_count; projects_total_value,Map from major_projects_map.csv; chart may use projects_* when wired; Also loads CSV: major_projects_map.csv
2,Investment,9,Page31,International investments and investors,pipeline_present,international_investment,stc_fdi_3610000901,intl_cdia; intl_cdia_billions; intl_fdi; intl_fdi_billions,intl_cdia; intl_cdia_billions; intl_fdi; intl_fdi_billions,
2,Investment,10,Page32,Foreign control of Canadian assets,pipeline_present,foreign_control,stc_foreignctrl_misc,foreign_all_non_financial; foreign_oil_gas; foreign_utilities,foreign_all_non_financial; foreign_oil_gas; foreign_utilities,
2,Investment,11,Page33,Canadian Energy Assets,pipeline_present,canadian_energy_assets,nrcan_cea_assets,cea_abroad; cea_africa; cea_asia; cea_canada; cea_domestic; cea_europe; cea_latin_america; cea_north_america; cea_oceania; cea_total,cea_abroad; cea_africa; cea_asia; cea_canada; cea_domestic; cea_europe; cea_latin_america; cea_north_america; cea_oceania; cea_total,
2,Investment,12,Page34,"Research, development and demonstration",no_data,,,,,
2,Investment,13,Page35,(no title key for page35_title),static_hardcoded,,,,,Uses hardcoded or placeholder data in page file
2,Investment,14,Page36,Expenditures on energy RD&D by technology area ($ millions),no_data,,,,,
2,Investment,15,Page37,Environmental protection expenditures,pipeline_present,environmental_protection,stc_epes_3810013001,enviro_all_industries_total; enviro_all_industries_total_billions; enviro_electric_total; enviro_electric_total_billions; enviro_natural_gas_total; enviro_natural_gas_total_billions; enviro_oil_gas_air; enviro_oil_gas_other; enviro_oil_gas_soil; enviro_oil_gas_solid_waste; enviro_oil_gas_total; enviro_oil_gas_total_billions; enviro_oil_gas_wastewater; enviro_petroleum_pollution; enviro_petroleum_total; enviro_petroleum_total_billions,enviro_all_industries_total; enviro_all_industries_total_billions; enviro_electric_total; enviro_electric_total_billions; enviro_natural_gas_total; enviro_natural_gas_total_billions; enviro_oil_gas_air; enviro_oil_gas_other; enviro_oil_gas_soil; enviro_oil_gas_solid_waste; enviro_oil_gas_total; enviro_oil_gas_total_billions; enviro_oil_gas_wastewater; enviro_petroleum_pollution; enviro_petroleum_total; enviro_petroleum_total_billions,
3,"Skills, diversity and community",1,Page39,"Skills, diversity and community",no_data,,,,,
3,"Skills, diversity and community",2,Page40,Energy sector demographics (2023),no_data,,,,,
3,"Skills, diversity and community",3,Page41,Energy sector wages and the gender wage gap (2023),no_data,,,,,
3,"Skills, diversity and community",4,Page42,Demographic representation in the energy sector,no_data,,,,,
3,"Skills, diversity and community",5,Page43,Energy affordability,no_data,,,,,
3,"Skills, diversity and community",6,Page44,Household expenditures on energy,no_data,,,,,
3,"Skills, diversity and community",7,Page45,(no title key for page45_title),no_data,,,,,
3,"Skills, diversity and community",8,Page46,Energy reliant communities,no_data,,,,,
4,Energy efficiency,1,Page47,Energy efficiency,no_data,,,,,
4,Energy efficiency,2,Page48,Energy use,pipeline_present,energy_use,nrcan_oee_neud,oee_neud_A; oee_neud_C; oee_neud_EL; oee_neud_FK; oee_neud_I; oee_neud_NPC; oee_neud_P; oee_neud_R; oee_neud_T,oee_neud_A; oee_neud_C; oee_neud_EL; oee_neud_FK; oee_neud_I; oee_neud_NPC; oee_neud_P; oee_neud_R; oee_neud_T,
4,Energy efficiency,3,Page49,(no title key for page49_title),pipeline_present,seu_by_fuel,nrcan_oee_seu,seu_BM; seu_Ele; seu_NG; seu_OOP; seu_OT; seu_Oil; seu_TE; seu_mogas,seu_BM; seu_Ele; seu_NG; seu_OOP; seu_OT; seu_Oil; seu_TE; seu_mogas,
4,Energy efficiency,4,Page50,Energy in our daily lives,pipeline_missing,,,,,
4,Energy efficiency,5,Page51,Residential energy use,pipeline_present,residential_daily_lives; residential_pie_charts,nrcan_oee_res_daily; nrcan_oee_res_pie,res_appliances_pj; res_ee_improvement_pct; res_ee_savings_billion; res_ee_savings_pj; res_eee; res_lighting_pj; res_reu_space_heating; res_reu_total; res_reu_water_heating; res_sh_ele; res_sh_ho; res_sh_ng; res_sh_ot; res_sh_total; res_sh_wd; res_space_cooling_pj; res_space_heating_pj; res_ter; res_water_heating_pj; res_wh_ele; res_wh_ho; res_wh_ng; res_wh_ot; res_wh_total; res_wh_wd,res_appliances_pj; res_ee_improvement_pct; res_ee_savings_billion; res_ee_savings_pj; res_eee; res_lighting_pj; res_reu_space_heating; res_reu_total; res_reu_water_heating; res_sh_ele; res_sh_ho; res_sh_ng; res_sh_ot; res_sh_total; res_sh_wd; res_space_cooling_pj; res_space_heating_pj; res_ter; res_water_heating_pj; res_wh_ele; res_wh_ho; res_wh_ng; res_wh_ot; res_wh_total; res_wh_wd,
4,Energy efficiency,6,Page52,Commercial and institutional sector,pipeline_missing,,,,,
4,Energy efficiency,7,Page53,Industrial sector,pipeline_missing,,,,,
4,Energy efficiency,8,Page54,Efficiency trends,no_data,,,,,
4,Energy efficiency,9,Page55,(no title key for page55_title),no_data,,,,,
4,Energy efficiency,10,Page56,(no title key for page56_title),no_data,,,,,
4,Energy efficiency,11,Page57,(no title key for page57_title),no_data,,,,,
5,Clean power and low carbon fuels,1,Page59,Clean power and low carbon fuels,no_data,,,,,
5,Clean power and low carbon fuels,2,Page60,Clean technology and the economy,no_data,,,,,
5,Clean power and low carbon fuels,3,Page61,Environmental and clean technology,pipeline_present,environmental_clean_tech,nrcan_cleanenv_semantic,envcleantech_canada_gdp_market; envcleantech_clean_energy_gdp; envcleantech_eco_exports; envcleantech_eco_gdp; envcleantech_eco_jobs_clean_energy; envcleantech_eco_jobs_total; envcleantech_employment_total; envcleantech_tmx_can_count; envcleantech_tmx_can_mcap; envcleantech_tmx_count; envcleantech_tmx_mcap_total,envcleantech_canada_gdp_market; envcleantech_clean_energy_gdp; envcleantech_eco_exports; envcleantech_eco_gdp; envcleantech_eco_jobs_clean_energy; envcleantech_eco_jobs_total; envcleantech_employment_total; envcleantech_tmx_can_count; envcleantech_tmx_can_mcap; envcleantech_tmx_count; envcleantech_tmx_mcap_total,
5,Clean power and low carbon fuels,4,Page62,Cleantech companies,pipeline_present,cleantech_companies_geo,nrcan_spi_cleantech_geo,cleantech_geo_alta_count; cleantech_geo_alta_pct; cleantech_geo_atl_count; cleantech_geo_atl_pct; cleantech_geo_bc_count; cleantech_geo_bc_pct; cleantech_geo_man_count; cleantech_geo_man_pct; cleantech_geo_ont_count; cleantech_geo_ont_pct; cleantech_geo_que_count; cleantech_geo_que_pct; cleantech_geo_sask_count; cleantech_geo_sask_pct; cleantech_geo_terr_count; cleantech_geo_terr_pct; cleantech_geo_total,cleantech_geo_alta_count; cleantech_geo_alta_pct; cleantech_geo_atl_count; cleantech_geo_atl_pct; cleantech_geo_bc_count; cleantech_geo_bc_pct; cleantech_geo_man_count; cleantech_geo_man_pct; cleantech_geo_ont_count; cleantech_geo_ont_pct; cleantech_geo_que_count; cleantech_geo_que_pct; cleantech_geo_sask_count; cleantech_geo_sask_pct; cleantech_geo_terr_count; cleantech_geo_terr_pct; cleantech_geo_total,
5,Clean power and low carbon fuels,5,Page63,(no title key for page63_title),pipeline_present,cleantech_companies_industry,nrcan_spi_cleantech_industry,cleantech_ind_agriculture_forestry_count; cleantech_ind_agriculture_forestry_pct; cleantech_ind_air_env_remediation_count; cleantech_ind_air_env_remediation_pct; cleantech_ind_biofuels_bioenergy_count; cleantech_ind_biofuels_bioenergy_pct; cleantech_ind_energy_efficiency_count; cleantech_ind_energy_efficiency_pct; cleantech_ind_mining_manufacturing_count; cleantech_ind_mining_manufacturing_pct; cleantech_ind_renewable_energy_count; cleantech_ind_renewable_energy_pct; cleantech_ind_smart_grid_storage_count; cleantech_ind_smart_grid_storage_pct; cleantech_ind_transportation_count; cleantech_ind_transportation_pct; cleantech_ind_waste_recycling_count; cleantech_ind_waste_recycling_pct; cleantech_ind_water_wastewater_count; cleantech_ind_water_wastewater_pct,cleantech_ind_agriculture_forestry_count; cleantech_ind_agriculture_forestry_pct; cleantech_ind_air_env_remediation_count; cleantech_ind_air_env_remediation_pct; cleantech_ind_biofuels_bioenergy_count; cleantech_ind_biofuels_bioenergy_pct; cleantech_ind_energy_efficiency_count; cleantech_ind_energy_efficiency_pct; cleantech_ind_mining_manufacturing_count; cleantech_ind_mining_manufacturing_pct; cleantech_ind_renewable_energy_count; cleantech_ind_renewable_energy_pct; cleantech_ind_smart_grid_storage_count; cleantech_ind_smart_grid_storage_pct; cleantech_ind_transportation_count; cleantech_ind_transportation_pct; cleantech_ind_waste_recycling_count; cleantech_ind_waste_recycling_pct; cleantech_ind_water_wastewater_count; cleantech_ind_water_wastewater_pct,
5,Clean power and low carbon fuels,6,Page64,Electricity,static_hardcoded,,,,,Uses hardcoded or placeholder data in page file
5,Clean power and low carbon fuels,7,Page65,Trade (),pipeline_present,electricity_trade_us,cer_electricity_trade_summary,elec_trade_exports; elec_trade_imports; elec_trade_net,elec_trade_exports; elec_trade_imports; elec_trade_net,
5,Clean power and low carbon fuels,8,Page66,(no title key for page66_title),pipeline_missing,,,,,
5,Clean power and low carbon fuels,9,Page67,(no title key for page67_title),pipeline_missing,,,,,
5,Clean power and low carbon fuels,10,Page68,Electrical energy use,pipeline_present,electrical_energy_use,nrcan_electrical_energy_use,elec_eu_A; elec_eu_ALTA; elec_eu_ALTA_pct; elec_eu_ATL; elec_eu_ATL_pct; elec_eu_A_pct; elec_eu_BC_TERR; elec_eu_BC_TERR_pct; elec_eu_C; elec_eu_C_pct; elec_eu_I; elec_eu_I_pct; elec_eu_MAN; elec_eu_MAN_pct; elec_eu_ONT; elec_eu_ONT_pct; elec_eu_QUE; elec_eu_QUE_pct; elec_eu_R; elec_eu_R_pct; elec_eu_SASK; elec_eu_SASK_pct; elec_eu_T; elec_eu_T_pct; elec_eu_total,elec_eu_A; elec_eu_ALTA; elec_eu_ALTA_pct; elec_eu_ATL; elec_eu_ATL_pct; elec_eu_A_pct; elec_eu_BC_TERR; elec_eu_BC_TERR_pct; elec_eu_C; elec_eu_C_pct; elec_eu_I; elec_eu_I_pct; elec_eu_MAN; elec_eu_MAN_pct; elec_eu_ONT; elec_eu_ONT_pct; elec_eu_QUE; elec_eu_QUE_pct; elec_eu_R; elec_eu_R_pct; elec_eu_SASK; elec_eu_SASK_pct; elec_eu_T; elec_eu_T_pct; elec_eu_total,
5,Clean power and low carbon fuels,11,Page69,Electricity prices,pipeline_present,,,ws_elec_rank_canada_order; ws_elec_rank_canada_pct; ws_elec_rank_china_order; ws_elec_rank_china_pct; ws_elec_rank_india_order; ws_elec_rank_india_pct; ws_elec_rank_russia_order; ws_elec_rank_russia_pct; ws_elec_rank_usa_order; ws_elec_rank_usa_pct,ws_elec_rank_canada_order; ws_elec_rank_canada_pct; ws_elec_rank_china_order; ws_elec_rank_china_pct; ws_elec_rank_india_order; ws_elec_rank_india_pct; ws_elec_rank_russia_order; ws_elec_rank_russia_pct; ws_elec_rank_usa_order; ws_elec_rank_usa_pct,
5,Clean power and low carbon fuels,12,Page70,(no title key for page70_title),pipeline_missing,,,,,
5,Clean power and low carbon fuels,13,Page71,GHG spotlight: Electricity,pipeline_present,ghg_electricity_spotlight,ecc_ghg_electricity,elec_ghg_coal; elec_ghg_natural_gas; elec_ghg_other; elec_ghg_stat_base_year; elec_ghg_stat_coal_gen_share_pct; elec_ghg_stat_coal_ghg_share_pct; elec_ghg_stat_reference_year; elec_ghg_stat_total_pct_change; elec_ghg_total,elec_ghg_coal; elec_ghg_natural_gas; elec_ghg_other; elec_ghg_stat_base_year; elec_ghg_stat_coal_gen_share_pct; elec_ghg_stat_coal_ghg_share_pct; elec_ghg_stat_reference_year; elec_ghg_stat_total_pct_change; elec_ghg_total,
5,Clean power and low carbon fuels,14,Page74,Canadian renewable electricity generating capacity,pipeline_present,renewable_electricity_capacity,nrcan_renelecap,ren_cap_biomass; ren_cap_hydro; ren_cap_solar_tidal; ren_cap_wind,ren_cap_biomass; ren_cap_hydro; ren_cap_solar_tidal; ren_cap_wind,
5,Clean power and low carbon fuels,15,Page76,Hydroelectricity capacity in Canada,pipeline_present,,,ren_cap_hydro,ren_cap_hydro,
5,Clean power and low carbon fuels,16,Page78,Canadian production of solid biofuels,pipeline_present,solid_biofuels,nrcan_solid_biofuels,sbio_prod_firewood; sbio_prod_pellets; sbio_prod_pulping; sbio_prod_swr; sbio_use_electricity; sbio_use_industrial; sbio_use_residential; sbio_use_total,sbio_prod_firewood; sbio_prod_pellets; sbio_prod_pulping; sbio_prod_swr; sbio_use_electricity; sbio_use_industrial; sbio_use_residential; sbio_use_total,
5,Clean power and low carbon fuels,17,Page79,Wind power,pipeline_present,,,win_can_wind_elec_share_pct; win_world_canada_rank; win_world_canada_share_pct; win_world_total_gw,win_can_wind_elec_share_pct; win_world_canada_rank; win_world_canada_share_pct; win_world_total_gw,
5,Clean power and low carbon fuels,18,Page80,Wind power in Canada,pipeline_present,wind_power_canada,nrcan_windpwr_can,win_pwr_cap_add_mw; win_pwr_cap_cum_gw; win_pwr_cap_cum_mw; win_pwr_gen_twh; win_pwr_stat_cap_gw; win_pwr_stat_cap_mult; win_pwr_stat_cap_ratio; win_pwr_stat_cap_year; win_pwr_stat_gen_mult; win_pwr_stat_gen_ratio; win_pwr_stat_gen_twh; win_pwr_stat_gen_year,win_pwr_cap_add_mw; win_pwr_cap_cum_gw; win_pwr_cap_cum_mw; win_pwr_gen_twh; win_pwr_stat_cap_gw; win_pwr_stat_cap_mult; win_pwr_stat_cap_ratio; win_pwr_stat_cap_year; win_pwr_stat_gen_mult; win_pwr_stat_gen_ratio; win_pwr_stat_gen_twh; win_pwr_stat_gen_year,
5,Clean power and low carbon fuels,19,Page81,(no title key for page81_title),pipeline_present,wind_capacity_by_province,nrcan_windcapbyprov,wind_cap_alta; wind_cap_bc; wind_cap_man; wind_cap_nb; wind_cap_nl; wind_cap_ns; wind_cap_nwt; wind_cap_ont; wind_cap_pei; wind_cap_que; wind_cap_sask; wind_cap_yt,wind_cap_alta; wind_cap_bc; wind_cap_man; wind_cap_nb; wind_cap_nl; wind_cap_ns; wind_cap_nwt; wind_cap_ont; wind_cap_pei; wind_cap_que; wind_cap_sask; wind_cap_yt,
5,Clean power and low carbon fuels,20,Page82,Solar photovoltaic,pipeline_present,,,sol_world_canada_rank; sol_world_canada_share_pct; sol_world_total_gw,sol_world_canada_rank; sol_world_canada_share_pct; sol_world_total_gw,
5,Clean power and low carbon fuels,21,Page84,(no title key for page84_title),pipeline_missing,,,,solar_proj_(_*,
5,Clean power and low carbon fuels,22,Page85,Uranium,pipeline_missing,,,,,
5,Clean power and low carbon fuels,23,Page86,Nuclear power,no_data,,,,,
5,Clean power and low carbon fuels,24,Page87,Canadian supply and demand,no_data,,,,,
5,Clean power and low carbon fuels,25,Page89,CANDU nuclear reactors,no_data,,,,,
5,Clean power and low carbon fuels,26,Page90,(no title key for page90_title),no_data,,,,,
5,Clean power and low carbon fuels,27,Page91,Biofuels and transportation,no_data,,,,,
5,Clean power and low carbon fuels,28,Page93,Canadian biofuel production,no_data,,,,,
5,Clean power and low carbon fuels,29,Page95,(no title key for page95_title),static_hardcoded,,,,,Uses hardcoded or placeholder data in page file
5,Clean power and low carbon fuels,30,Page96,(no title key for page96_title),pipeline_present,ev_sales,stc_ev_sales,ev_new_regs; ev_share_pct; ev_total_regs,ev_new_regs; ev_share_pct; ev_total_regs,
5,Clean power and low carbon fuels,31,Page97,GHG spotlight: Transportation,static_hardcoded,,,,,Uses hardcoded or placeholder data in page file
5,Clean power and low carbon fuels,32,Page98,Electric vehicle charging,no_data,,,,,
5,Clean power and low carbon fuels,33,Page99,(no title key for page99_title),static_hardcoded,,,,,Uses hardcoded or placeholder data in page file
5,Clean power and low carbon fuels,34,Page102,Hydrogen industry in Canada,no_data,,,,,
6,"Oil, natural gas and coal",1,Page103,"Oil, natural gas and coal",no_data,,,,,
6,"Oil, natural gas and coal",2,Page105,(no title key for page105_title),pipeline_present,petroleum_sector_employment,ca_statcan_petroleum_sector_employment_summary,pet_emp_alta_direct_pct; pet_emp_alta_indirect_pct; pet_emp_bc_direct_pct; pet_emp_bc_indirect_pct; pet_emp_direct_total; pet_emp_indirect_total; pet_emp_man_direct_pct; pet_emp_man_indirect_pct; pet_emp_maritimes_direct_pct; pet_emp_maritimes_indirect_pct; pet_emp_nl_direct_pct; pet_emp_nl_indirect_pct; pet_emp_ont_direct_pct; pet_emp_ont_indirect_pct; pet_emp_que_direct_pct; pet_emp_que_indirect_pct; pet_emp_reporting_year; pet_emp_sask_direct_pct; pet_emp_sask_indirect_pct,pet_emp_alta_direct_pct; pet_emp_alta_indirect_pct; pet_emp_bc_direct_pct; pet_emp_bc_indirect_pct; pet_emp_direct_total; pet_emp_indirect_total; pet_emp_man_direct_pct; pet_emp_man_indirect_pct; pet_emp_maritimes_direct_pct; pet_emp_maritimes_indirect_pct; pet_emp_nl_direct_pct; pet_emp_nl_indirect_pct; pet_emp_ont_direct_pct; pet_emp_ont_indirect_pct; pet_emp_que_direct_pct; pet_emp_que_indirect_pct; pet_emp_reporting_year; pet_emp_sask_direct_pct; pet_emp_sask_indirect_pct,
6,"Oil, natural gas and coal",3,Page106,(no title key for page106_title),no_data,,,,,
6,"Oil, natural gas and coal",4,Page107,PETROLEUM GDP (Billions of Canadian Dollars),no_data,,,,,
6,"Oil, natural gas and coal",5,Page108,Crude oil,static_hardcoded,,,,,Uses hardcoded or placeholder data in page file
6,"Oil, natural gas and coal",6,Page109,World proved reserves,pipeline_present,world_proved_crude_reserves,ca_ogj_petroleum_world_proved_reserves,wr_crude_res_canada_bb; wr_crude_res_canada_pct; wr_crude_res_iran_bb; wr_crude_res_iran_pct; wr_crude_res_iraq_bb; wr_crude_res_iraq_pct; wr_crude_res_oil_sands_share_pct; wr_crude_res_other_bb; wr_crude_res_other_pct; wr_crude_res_reporting_year; wr_crude_res_saudi_bb; wr_crude_res_saudi_pct; wr_crude_res_total_bb; wr_crude_res_venezuela_bb; wr_crude_res_venezuela_pct,wr_crude_res_canada_bb; wr_crude_res_canada_pct; wr_crude_res_iran_bb; wr_crude_res_iran_pct; wr_crude_res_iraq_bb; wr_crude_res_iraq_pct; wr_crude_res_oil_sands_share_pct; wr_crude_res_other_bb; wr_crude_res_other_pct; wr_crude_res_reporting_year; wr_crude_res_saudi_bb; wr_crude_res_saudi_pct; wr_crude_res_total_bb; wr_crude_res_venezuela_bb; wr_crude_res_venezuela_pct,
6,"Oil, natural gas and coal",7,Page110,Canadian resources,pipeline_present,petroleum_reserves; western_canada_oil_wells,ca_petroleum_reserves_summary; ca_western_canada_oil_wells_count_depth,cr_res_conventional_bb; cr_res_insitu_bb; cr_res_mining_bb; cr_res_oil_sands_bb; cr_res_reporting_year; cr_res_total_bb; wc_oil_avg_depth_m; wc_oil_total_metres; wc_oil_wells_completed,cr_res_conventional_bb; cr_res_insitu_bb; cr_res_mining_bb; cr_res_oil_sands_bb; cr_res_reporting_year; cr_res_total_bb; wc_oil_avg_depth_m; wc_oil_total_metres; wc_oil_wells_completed,
6,"Oil, natural gas and coal",8,Page111,Canadian production,pipeline_present,canadian_production,stc_canadian_production,cp_conventional_mmbd; cp_conventional_thousand_m3; cp_oil_sands_mmbd; cp_oil_sands_thousand_m3; cp_prov_ab_pct; cp_prov_ab_thousand_m3; cp_prov_bc_pct; cp_prov_bc_thousand_m3; cp_prov_canada_thousand_m3; cp_prov_mb_pct; cp_prov_mb_thousand_m3; cp_prov_nl_pct; cp_prov_nl_thousand_m3; cp_prov_other_pct; cp_prov_other_thousand_m3; cp_prov_sk_pct; cp_prov_sk_thousand_m3; cp_share_pct; cp_total_mmbd; cp_total_thousand_m3,cp_conventional_mmbd; cp_conventional_thousand_m3; cp_oil_sands_mmbd; cp_oil_sands_thousand_m3; cp_prov_ab_pct; cp_prov_ab_thousand_m3; cp_prov_bc_pct; cp_prov_bc_thousand_m3; cp_prov_canada_thousand_m3; cp_prov_mb_pct; cp_prov_mb_thousand_m3; cp_prov_nl_pct; cp_prov_nl_thousand_m3; cp_prov_other_pct; cp_prov_other_thousand_m3; cp_prov_sk_pct; cp_prov_sk_thousand_m3; cp_share_pct; cp_total_mmbd; cp_total_thousand_m3,
6,"Oil, natural gas and coal",9,Page112,Canadian supply and demand,static_hardcoded,,,,,Uses hardcoded or placeholder data in page file
6,"Oil, natural gas and coal",10,Page113,Oil sands,pipeline_present,oil_sands,stc_oil_sands,os_capex_capp_m; os_capex_cumulative_bn; os_capex_statcan_m; os_conventional_mmbd; os_conventional_thousand_m3; os_oil_sands_mmbd; os_oil_sands_thousand_m3; os_proved_reserves_pct; os_share_pct; os_total_mmbd; os_total_thousand_m3; os_upgrading_capacity_mmbd; os_upgrading_pct,os_capex_capp_m; os_capex_cumulative_bn; os_capex_statcan_m; os_conventional_mmbd; os_conventional_thousand_m3; os_oil_sands_mmbd; os_oil_sands_thousand_m3; os_proved_reserves_pct; os_share_pct; os_total_mmbd; os_total_thousand_m3; os_upgrading_capacity_mmbd; os_upgrading_pct,
6,"Oil, natural gas and coal",11,Page117,Prices,pipeline_present,crude_prices,nrcan_crude_prices,crude_differential; crude_usd_cad; crude_wcs_cad; crude_wcs_usd; crude_wti,crude_differential; crude_usd_cad; crude_wcs_cad; crude_wcs_usd; crude_wti,
6,"Oil, natural gas and coal",12,Page119,Oil by rail,no_data,,,,,
6,"Oil, natural gas and coal",13,Page122,Natural gas,static_hardcoded,,,,,Uses hardcoded or placeholder data in page file
6,"Oil, natural gas and coal",14,Page123,World proved reserves,static_hardcoded,,,,,Uses hardcoded or placeholder data in page file
6,"Oil, natural gas and coal",15,Page126,Count and average depth of natural gas wells completed in Western Canada,no_data,,,,,
6,"Oil, natural gas and coal",16,Page132,GHG spotlight: Oil and gas,pipeline_missing,,,,ghg_oilgas_spotlight_conventional_oil; ghg_oilgas_spotlight_natural_gas; ghg_oilgas_spotlight_oil_sands; ghg_oilgas_spotlight_other,
6,"Oil, natural gas and coal",17,Page135,Refined petroleum products (RPPs),no_data,,,,,
6,"Oil, natural gas and coal",18,Page136,Supply and demand* (),pipeline_present,,,rpp_asphalt_pct; rpp_coke_pct; rpp_distillate_pct; rpp_domestic_bl; rpp_domestic_mmbd; rpp_exports_bl; rpp_exports_mmbd; rpp_imports_bl; rpp_imports_mmbd; rpp_jet_pct; rpp_motor_gasoline_pct; rpp_net_prod_bl; rpp_net_prod_mmbd; rpp_other_pct; rpp_refinery_bl; rpp_refinery_mmbd; rpp_residual_pct; rpp_still_gas_pct,rpp_asphalt_pct; rpp_coke_pct; rpp_distillate_pct; rpp_domestic_bl; rpp_domestic_mmbd; rpp_exports_bl; rpp_exports_mmbd; rpp_imports_bl; rpp_imports_mmbd; rpp_jet_pct; rpp_motor_gasoline_pct; rpp_net_prod_bl; rpp_net_prod_mmbd; rpp_other_pct; rpp_refinery_bl; rpp_refinery_mmbd; rpp_residual_pct; rpp_still_gas_pct,
6,"Oil, natural gas and coal",19,Page138,Retail prices,pipeline_present,kal_gas_prices,kal_gas_prices,kal_calgary_crude; kal_calgary_marketing; kal_calgary_price; kal_calgary_refining; kal_calgary_taxes; kal_canada_crude; kal_canada_marketing; kal_canada_price; kal_canada_refining; kal_canada_taxes; kal_halifax_crude; kal_halifax_marketing; kal_halifax_price; kal_halifax_refining; kal_halifax_taxes; kal_montreal_crude; kal_montreal_marketing; kal_montreal_price; kal_montreal_refining; kal_montreal_taxes; kal_toronto_crude; kal_toronto_marketing; kal_toronto_price; kal_toronto_refining; kal_toronto_taxes; kal_vancouver_crude; kal_vancouver_marketing; kal_vancouver_price; kal_vancouver_refining; kal_vancouver_taxes,kal_calgary_crude; kal_calgary_marketing; kal_calgary_price; kal_calgary_refining; kal_calgary_taxes; kal_canada_crude; kal_canada_marketing; kal_canada_price; kal_canada_refining; kal_canada_taxes; kal_halifax_crude; kal_halifax_marketing; kal_halifax_price; kal_halifax_refining; kal_halifax_taxes; kal_montreal_crude; kal_montreal_marketing; kal_montreal_price; kal_montreal_refining; kal_montreal_taxes; kal_toronto_crude; kal_toronto_marketing; kal_toronto_price; kal_toronto_refining; kal_toronto_taxes; kal_vancouver_crude; kal_vancouver_marketing; kal_vancouver_price; kal_vancouver_refining; kal_vancouver_taxes,
6,"Oil, natural gas and coal",20,Page139,Refinery capacity,pipeline_present,osm_refin_cap,osm_refin_cap,refcap_ab_asphalt_capacity; refcap_ab_asphalt_count; refcap_ab_petroleum_capacity; refcap_ab_petroleum_count; refcap_ab_total_capacity; refcap_ab_total_count; refcap_bc_petroleum_capacity; refcap_bc_petroleum_count; refcap_bc_total_capacity; refcap_bc_total_count; refcap_nb_petroleum_capacity; refcap_nb_petroleum_count; refcap_nb_total_capacity; refcap_nb_total_count; refcap_on_lubricant_capacity; refcap_on_lubricant_count; refcap_on_petroleum_capacity; refcap_on_petroleum_count; refcap_on_total_capacity; refcap_on_total_count; refcap_qc_petroleum_capacity; refcap_qc_petroleum_count; refcap_qc_total_capacity; refcap_qc_total_count; refcap_sk_asphalt_capacity; refcap_sk_asphalt_count; refcap_sk_petroleum_capacity; refcap_sk_petroleum_count; refcap_sk_total_capacity; refcap_sk_total_count; refcap_total_asphalt_capacity; refcap_total_asphalt_count; refcap_total_lubricant_capacity; refcap_total_lubricant_count; refcap_total_petroleum_capacity; refcap_total_petroleum_count; refcap_total_total_capacity; refcap_total_total_count,refcap_ab_asphalt_capacity; refcap_ab_asphalt_count; refcap_ab_petroleum_capacity; refcap_ab_petroleum_count; refcap_ab_total_capacity; refcap_ab_total_count; refcap_bc_petroleum_capacity; refcap_bc_petroleum_count; refcap_bc_total_capacity; refcap_bc_total_count; refcap_nb_petroleum_capacity; refcap_nb_petroleum_count; refcap_nb_total_capacity; refcap_nb_total_count; refcap_on_lubricant_capacity; refcap_on_lubricant_count; refcap_on_petroleum_capacity; refcap_on_petroleum_count; refcap_on_total_capacity; refcap_on_total_count; refcap_qc_petroleum_capacity; refcap_qc_petroleum_count; refcap_qc_total_capacity; refcap_qc_total_count; refcap_sk_asphalt_capacity; refcap_sk_asphalt_count; refcap_sk_petroleum_capacity; refcap_sk_petroleum_count; refcap_sk_total_capacity; refcap_sk_total_count; refcap_total_asphalt_capacity; refcap_total_asphalt_count; refcap_total_lubricant_capacity; refcap_total_lubricant_count; refcap_total_petroleum_capacity; refcap_total_petroleum_count; refcap_total_total_capacity; refcap_total_total_count,
6,"Oil, natural gas and coal",21,Page140,Coal,static_hardcoded,,,,,Uses hardcoded or placeholder data in page file
