page_num,page_component,title,inventory_status,derived_status,audit_result,issue_count,issues,data_getters,vectors_in_csv,coverage_pct
1,EnergyOverview,"Key energy, economic and environmental indicators",no_data,no_data,PASS,0,,,,
2,WorldEnergyProduction,Energy production and supply,pipeline_partial,pipeline_partial,PASS,0,,getWorldEnergyProductionData,energy_prod_australia_pct; energy_prod_australia_pj; energy_prod_australia_rank; energy_prod_brazil_pct; energy_prod_brazil_pj; energy_prod_brazil_rank; energy_prod_canada_growth_since_2005; energy_prod_canada_pct; energy_prod_canada_pj; energy_prod_canada_rank; energy_prod_china_pct; energy_prod_china_pj; energy_prod_china_rank; energy_prod_india_pct; energy_prod_india_pj; energy_prod_india_rank; energy_prod_indonesia_pct; energy_prod_indonesia_pj; energy_prod_indonesia_rank; energy_prod_mexico_pct; energy_prod_mexico_pj; energy_prod_mexico_rank; energy_prod_norway_pct; energy_prod_norway_pj; energy_prod_norway_rank; energy_prod_south_africa_pct; energy_prod_south_africa_pj; energy_prod_south_africa_rank; energy_prod_united_kingdom_pct; energy_prod_united_kingdom_pj; energy_prod_united_kingdom_rank; energy_prod_united_states_pct; energy_prod_united_states_pj; energy_prod_united_states_rank; energy_prod_world_growth_since_2005; energy_prod_world_total,100.0
3,CanadianEnergyProduction,Canadian energy production,no_data,no_data,PASS,0,,,,
4,PrimaryEnergyProduction,Primary energy production by source (2023),static_hardcoded,static_hardcoded,PASS,0,,,,
5,PrimaryEnergyByRegion,Primary energy production by region and source (2023),static_hardcoded,static_hardcoded,PASS,0,,,,
7,NominalGdp,Economic contributions,pipeline_present,pipeline_present,PASS,0,,getNominalGDPData,gdp_nominal_direct; gdp_nominal_direct_billions; gdp_nominal_direct_pct; gdp_nominal_electricity; gdp_nominal_electricity_billions; gdp_nominal_electricity_pct; gdp_nominal_indirect; gdp_nominal_indirect_billions; gdp_nominal_indirect_pct; gdp_nominal_market; gdp_nominal_market_billions; gdp_nominal_other; gdp_nominal_other_billions; gdp_nominal_other_pct; gdp_nominal_petroleum; gdp_nominal_petroleum_billions; gdp_nominal_petroleum_pct; gdp_nominal_total; gdp_nominal_total_billions; gdp_nominal_total_pct,100.0
8,ProvincialGdp,Energy's nominal GDP contribution by province/territory,pipeline_present,pipeline_present,PASS,0,,getProvincialGdpData,gdp_prov_ab; gdp_prov_bc; gdp_prov_mb; gdp_prov_national_total; gdp_prov_nb; gdp_prov_nl; gdp_prov_ns; gdp_prov_nt; gdp_prov_nu; gdp_prov_on; gdp_prov_pe; gdp_prov_qc; gdp_prov_sk; gdp_prov_yt,100.0
9,Employment,Employment in Canada's energy sector (2024),static_hardcoded,static_hardcoded,PASS,0,,,,
10,EmploymentChart,Energy sector employment,static_hardcoded,static_hardcoded,PASS,0,,,,
11,GdpChart,Energy sector GDP,static_hardcoded,static_hardcoded,PASS,0,,,,
14,CanadianEnergyExportsUsStates,Canadian energy exports to the U.S. by state (),static_hardcoded,static_hardcoded,PASS,0,,,,
15,CanadaGlobalEnergyTrade,Canada's global energy trade,static_hardcoded,static_hardcoded,PASS,0,,,,
16,GovernmentRevenues,Government revenues,static_hardcoded,static_hardcoded,PASS,0,,,,
17,CorporateIncomeTaxes,Corporate income taxes paid by energy industries (federal and provincial),static_hardcoded,static_hardcoded,PASS,0,,,,
20,GhgEmissionsBySector,GHG emissions by Canadian economic sector,pipeline_present,pipeline_present,PASS,0,,getGHGEmissionsData,ghg_stat_conv_gas_emissions_pct; ghg_stat_crude_production_pct; ghg_stat_narrative_base_year; ghg_stat_narrative_end_year; ghg_stat_oil_sands_emissions_ratio,100.0
21,EnergyInformationLandscape,Canada's energy information landscape,no_data,no_data,PASS,0,,,,
23,Investment,Investment,pipeline_present,pipeline_present,PASS,0,,getCapitalExpendituresData; getEconomicContributionsData; getInfrastructureData,capex_electricity; capex_electricity_billions; capex_electricity_pct; capex_oil_gas; capex_oil_gas_billions; capex_oil_gas_pct; capex_other; capex_other_billions; capex_other_pct; capex_total; capex_total_billions; econ_employment_income; econ_employment_income_billions; econ_gdp; econ_gdp_billions; econ_investment_value; econ_investment_value_billions; econ_jobs; econ_jobs_thousands; infra_education; infra_education_billions; infra_education_pct; infra_environmental; infra_environmental_billions; infra_environmental_pct; infra_fuel_energy_pipelines; infra_fuel_energy_pipelines_billions; infra_fuel_energy_pipelines_pct; infra_health_housing; infra_health_housing_billions; infra_health_housing_pct; infra_public_safety; infra_public_safety_billions; infra_public_safety_pct; infra_total; infra_total_billions; infra_transport; infra_transport_billions; infra_transport_pct,100.0
24,CapitalExpenditures,Capital expenditures,pipeline_present,pipeline_present,PASS,0,,getCapitalExpendituresData,capex_electricity; capex_electricity_billions; capex_electricity_pct; capex_oil_gas; capex_oil_gas_billions; capex_oil_gas_pct; capex_other; capex_other_billions; capex_other_pct; capex_total; capex_total_billions,100.0
25,Infrastructure,Canada's energy infrastructure,pipeline_present,pipeline_present,PASS,0,,getInfrastructureData,infra_education; infra_education_billions; infra_education_pct; infra_environmental; infra_environmental_billions; infra_environmental_pct; infra_fuel_energy_pipelines; infra_fuel_energy_pipelines_billions; infra_fuel_energy_pipelines_pct; infra_health_housing; infra_health_housing_billions; infra_health_housing_pct; infra_public_safety; infra_public_safety_billions; infra_public_safety_pct; infra_total; infra_total_billions; infra_transport; infra_transport_billions; infra_transport_pct,100.0
26,EconomicContributions,"Fuel, energy and pipeline infrastructure investment and operations",pipeline_present,pipeline_present,PASS,0,,getEconomicContributionsData,econ_employment_income; econ_employment_income_billions; econ_gdp; econ_gdp_billions; econ_investment_value; econ_investment_value_billions; econ_jobs; econ_jobs_thousands,100.0
27,InvestmentByAsset,"Public and private investment in fuel, energy and pipeline infrastructure, 2009 to 2024",pipeline_present,pipeline_present,PASS,0,,getInvestmentByAssetData,asset_hydraulic; asset_hydraulic_billions; asset_nuclear; asset_nuclear_billions; asset_other_electric; asset_other_electric_billions; asset_pipelines; asset_pipelines_billions; asset_steam_thermal; asset_steam_thermal_billions; asset_total; asset_total_billions; asset_transmission_distribution; asset_transmission_distribution_billions; asset_wind_solar; asset_wind_solar_billions,100.0
28,MajorEnergyProjects,Canada's major energy projects,pipeline_present,pipeline_present,PASS,0,,getMajorProjectsData,projects_electricity_count; projects_electricity_value; projects_oil_gas_count; projects_oil_gas_value; projects_other_count; projects_other_value; projects_total_count; projects_total_value,100.0
29,CleanTechTrends,Clean technology project trends,pipeline_present,pipeline_present,PASS,0,,getCleanTechTrendsData,cleantech_biomass_count; cleantech_biomass_value; cleantech_ccs_count; cleantech_ccs_value; cleantech_geo_alta_count; cleantech_geo_alta_pct; cleantech_geo_atl_count; cleantech_geo_atl_pct; cleantech_geo_bc_count; cleantech_geo_bc_pct; cleantech_geo_man_count; cleantech_geo_man_pct; cleantech_geo_ont_count; cleantech_geo_ont_pct; cleantech_geo_que_count; cleantech_geo_que_pct; cleantech_geo_sask_count; cleantech_geo_sask_pct; cleantech_geo_terr_count; cleantech_geo_terr_pct; cleantech_geo_total; cleantech_geothermal_count; cleantech_geothermal_value; cleantech_hydro_count; cleantech_hydro_value; cleantech_ind_agriculture_forestry_count; cleantech_ind_agriculture_forestry_pct; cleantech_ind_air_env_remediation_count; cleantech_ind_air_env_remediation_pct; cleantech_ind_biofuels_bioenergy_count; cleantech_ind_biofuels_bioenergy_pct; cleantech_ind_energy_efficiency_count; cleantech_ind_energy_efficiency_pct; cleantech_ind_mining_manufacturing_count; cleantech_ind_mining_manufacturing_pct; cleantech_ind_renewable_energy_count; cleantech_ind_renewable_energy_pct; cleantech_ind_smart_grid_storage_count; cleantech_ind_smart_grid_storage_pct; cleantech_ind_transportation_count; cleantech_ind_transportation_pct; cleantech_ind_waste_recycling_count; cleantech_ind_waste_recycling_pct; cleantech_ind_water_wastewater_count; cleantech_ind_water_wastewater_pct; cleantech_multiple_count; cleantech_multiple_value; cleantech_nuclear_count; cleantech_nuclear_value; cleantech_other_count; cleantech_other_value; cleantech_solar_count; cleantech_solar_value; cleantech_storage_count; cleantech_storage_value; cleantech_tidal_count; cleantech_tidal_value; cleantech_total_count; cleantech_total_value; cleantech_wind_count; cleantech_wind_value,100.0
30,MajorProjectsMap,Major energy projects,pipeline_present,pipeline_present,PASS,0,,getMajorProjectsData,projects_electricity_count; projects_electricity_value; projects_oil_gas_count; projects_oil_gas_value; projects_other_count; projects_other_value; projects_total_count; projects_total_value,100.0
31,InternationalInvestment,International investments and investors,pipeline_present,pipeline_present,PASS,0,,getInternationalInvestmentData,intl_cdia; intl_cdia_billions; intl_fdi; intl_fdi_billions,100.0
32,ForeignControl,Foreign control of Canadian assets,pipeline_present,pipeline_present,PASS,0,,getForeignControlData,foreign_all_non_financial; foreign_oil_gas; foreign_utilities,100.0
33,CEA,Canadian Energy Assets,pipeline_present,pipeline_present,PASS,0,,getCEAData,cea_abroad; cea_africa; cea_asia; cea_canada; cea_domestic; cea_europe; cea_latin_america; cea_north_america; cea_oceania; cea_total,100.0
34,ResearchDevelopmentDemonstration,"Research, development and demonstration",no_data,no_data,PASS,0,,,,
35,PublicEnergyRddExpenditures,Canadian public expenditures on energy RD&D,static_hardcoded,static_hardcoded,PASS,0,,,,
36,EnergyRddByTechnology,Expenditures on energy RD&D by technology area ($ millions),static_hardcoded,static_hardcoded,PASS,0,,,,
37,EnvironmentalProtection,Environmental protection expenditures,pipeline_present,pipeline_present,PASS,0,,getEnvironmentalProtectionData,enviro_all_industries_total; enviro_all_industries_total_billions; enviro_electric_total; enviro_electric_total_billions; enviro_natural_gas_total; enviro_natural_gas_total_billions; enviro_oil_gas_air; enviro_oil_gas_other; enviro_oil_gas_soil; enviro_oil_gas_solid_waste; enviro_oil_gas_total; enviro_oil_gas_total_billions; enviro_oil_gas_wastewater; enviro_petroleum_pollution; enviro_petroleum_total; enviro_petroleum_total_billions,100.0
39,SkillsDiversityCommunityOverview,"Skills, diversity and community",no_data,no_data,PASS,0,,,,
40,EnergySectorDemographics,Energy sector demographics (2023),no_data,no_data,PASS,0,,,,
41,EnergySectorWages,Energy sector wages and the gender wage gap (2023),no_data,no_data,PASS,0,,,,
42,DemographicRepresentation,Demographic representation in the energy sector,static_hardcoded,static_hardcoded,PASS,0,,,,
43,EnergyAffordability,Energy affordability,static_hardcoded,static_hardcoded,PASS,0,,,,
44,HouseholdEnergyExpenditures,Household expenditures on energy,static_hardcoded,static_hardcoded,PASS,0,,,,
45,HouseholdEnergyPricesComparison,"Household energy prices per unit, 2024",static_hardcoded,static_hardcoded,PASS,0,,,,
46,EnergyReliantCommunities,Energy reliant communities,static_hardcoded,static_hardcoded,PASS,0,,,,
47,EnergyEfficiencyOverview,Energy efficiency,no_data,no_data,PASS,0,,,,
48,EnergyUse,Energy use,pipeline_present,pipeline_present,PASS,0,,getEnergyUseData,oee_neud_A; oee_neud_C; oee_neud_EL; oee_neud_FK; oee_neud_I; oee_neud_NPC; oee_neud_P; oee_neud_R; oee_neud_T,100.0
49,SEUByFuel,Canada's secondary energy use by fuel type,pipeline_present,pipeline_present,PASS,0,,getSEUByFuelData,seu_BM; seu_Ele; seu_NG; seu_OOP; seu_OT; seu_Oil; seu_TE; seu_mogas,100.0
50,EnergyInDailyLives,Energy in our daily lives,pipeline_present,pipeline_present,PASS,0,,getResidentialSectorOverviewData,oee_neud_A; oee_neud_C; oee_neud_EL; oee_neud_FK; oee_neud_I; oee_neud_NPC; oee_neud_P; oee_neud_R; oee_neud_T; res_appliances_pj; res_ee_improvement_pct; res_ee_savings_billion; res_ee_savings_pj; res_eee; res_lighting_pj; res_reu_space_heating; res_reu_total; res_reu_water_heating; res_sh_ele; res_sh_ho; res_sh_ng; res_sh_ot; res_sh_total; res_sh_wd; res_space_cooling_pj; res_space_heating_pj; res_ter; res_water_heating_pj; res_wh_ele; res_wh_ho; res_wh_ng; res_wh_ot; res_wh_total; res_wh_wd,100.0
51,ResidentialEnergyUse,Residential energy use,pipeline_present,pipeline_present,PASS,0,,getResidentialEnergyUseData,res_appliances_pj; res_ee_improvement_pct; res_ee_savings_billion; res_ee_savings_pj; res_eee; res_lighting_pj; res_reu_space_heating; res_reu_total; res_reu_water_heating; res_sh_ele; res_sh_ho; res_sh_ng; res_sh_ot; res_sh_total; res_sh_wd; res_space_cooling_pj; res_space_heating_pj; res_ter; res_water_heating_pj; res_wh_ele; res_wh_ho; res_wh_ng; res_wh_ot; res_wh_total; res_wh_wd,100.0
52,CommercialInstitutionalEnergyUse,Commercial and institutional sector,pipeline_present,pipeline_present,PASS,0,,getCommercialInstitutionalEnergyUseData,com_ae; com_am; com_ee_improvement_pct; com_ee_savings_billion; com_ee_savings_pj; com_eee; com_ei; com_lt; com_sc; com_sh; com_teu_cieu; com_wh; oee_neud_A; oee_neud_C; oee_neud_EL; oee_neud_FK; oee_neud_I; oee_neud_NPC; oee_neud_P; oee_neud_R; oee_neud_T,100.0
53,IndustrialSectorEnergy,Industrial sector,pipeline_present,pipeline_present,PASS,0,,getIndustrialEnergyUseData,ind_ccog; ind_cl; ind_dfox; ind_ee_improvement_pct; ind_ee_savings_billion; ind_ee_savings_pj; ind_ele; ind_hfo; ind_lgp; ind_ng; ind_ot; ind_other_x; ind_sgpc; ind_teu; ind_wwpl; oee_neud_A; oee_neud_C; oee_neud_EL; oee_neud_FK; oee_neud_I; oee_neud_NPC; oee_neud_P; oee_neud_R; oee_neud_T,100.0
54,EfficiencyTrends,Efficiency trends,static_hardcoded,static_hardcoded,PASS,0,,,,
55,EnergyIntensityIndex,"Indexed total secondary energy use intensity per capita and per unit of GDP, 2000–2022 (2000=100)",static_hardcoded,static_hardcoded,PASS,0,,,,
56,EnergyUseFactors,"Summary of factors influencing the change in energy use, 2000–2022",static_hardcoded,static_hardcoded,PASS,0,,,,
57,SectorEnergyTrends,"Trends in energy use and intensity by sector, 2000–2022",static_hardcoded,static_hardcoded,PASS,0,,,,
59,CleanPowerLowCarbonOverview,Clean power and low carbon fuels,no_data,no_data,PASS,0,,,,
60,CleanTechnologyEconomy,Clean technology and the economy,no_data,no_data,PASS,0,,,,
61,EnvironmentalCleanTech,Environmental and clean technology,pipeline_present,pipeline_present,PASS,0,,getEnvironmentalCleanTechData,envcleantech_canada_gdp_market; envcleantech_clean_energy_gdp; envcleantech_eco_exports; envcleantech_eco_gdp; envcleantech_eco_jobs_clean_energy; envcleantech_eco_jobs_total; envcleantech_employment_total; envcleantech_tmx_can_count; envcleantech_tmx_can_mcap; envcleantech_tmx_count; envcleantech_tmx_mcap_total,100.0
62,CleantechCompaniesByRegion,Cleantech companies,pipeline_present,pipeline_present,PASS,0,,getCleantechCompaniesByRegionData,cleantech_geo_alta_count; cleantech_geo_alta_pct; cleantech_geo_atl_count; cleantech_geo_atl_pct; cleantech_geo_bc_count; cleantech_geo_bc_pct; cleantech_geo_man_count; cleantech_geo_man_pct; cleantech_geo_ont_count; cleantech_geo_ont_pct; cleantech_geo_que_count; cleantech_geo_que_pct; cleantech_geo_sask_count; cleantech_geo_sask_pct; cleantech_geo_terr_count; cleantech_geo_terr_pct; cleantech_geo_total,100.0
63,CleantechCompaniesByIndustry,Canadian cleantech companies by industry,pipeline_present,pipeline_present,PASS,0,,getCleantechCompaniesByIndustryData,cleantech_ind_agriculture_forestry_count; cleantech_ind_agriculture_forestry_pct; cleantech_ind_air_env_remediation_count; cleantech_ind_air_env_remediation_pct; cleantech_ind_biofuels_bioenergy_count; cleantech_ind_biofuels_bioenergy_pct; cleantech_ind_energy_efficiency_count; cleantech_ind_energy_efficiency_pct; cleantech_ind_mining_manufacturing_count; cleantech_ind_mining_manufacturing_pct; cleantech_ind_renewable_energy_count; cleantech_ind_renewable_energy_pct; cleantech_ind_smart_grid_storage_count; cleantech_ind_smart_grid_storage_pct; cleantech_ind_transportation_count; cleantech_ind_transportation_pct; cleantech_ind_waste_recycling_count; cleantech_ind_waste_recycling_pct; cleantech_ind_water_wastewater_count; cleantech_ind_water_wastewater_pct,100.0
64,ElectricityInternationalContext,Electricity,static_hardcoded,static_hardcoded,PASS,0,,,,
65,ElectricityTrade,Trade (),pipeline_present,pipeline_present,PASS,0,,getElectricityTradeData,elec_trade_exports; elec_trade_imports; elec_trade_net,100.0
66,CanadianElectricityGeneration,Canadian supply,pipeline_present,pipeline_present,PASS,0,,getCanadianElectricityGenerationData,elegen_can_coal_pct; elegen_can_hydro_pct; elegen_can_natural_gas_pct; elegen_can_nuclear_pct; elegen_can_other_renewables_pct; elegen_can_petroleum_pct; elegen_can_total_twh; elegen_prov_biomass_alta_pct; elegen_prov_biomass_bc_pct; elegen_prov_biomass_canada_pct; elegen_prov_biomass_man_pct; elegen_prov_biomass_nb_pct; elegen_prov_biomass_nl_pct; elegen_prov_biomass_ns_pct; elegen_prov_biomass_nvt_pct; elegen_prov_biomass_nwt_pct; elegen_prov_biomass_ont_pct; elegen_prov_biomass_pei_pct; elegen_prov_biomass_que_pct; elegen_prov_biomass_sask_pct; elegen_prov_biomass_yt_pct; elegen_prov_coal_alta_pct; elegen_prov_coal_bc_pct; elegen_prov_coal_canada_pct; elegen_prov_coal_man_pct; elegen_prov_coal_nb_pct; elegen_prov_coal_nl_pct; elegen_prov_coal_ns_pct; elegen_prov_coal_nvt_pct; elegen_prov_coal_nwt_pct; elegen_prov_coal_ont_pct; elegen_prov_coal_pei_pct; elegen_prov_coal_que_pct; elegen_prov_coal_sask_pct; elegen_prov_coal_yt_pct; elegen_prov_hydro_alta_pct; elegen_prov_hydro_bc_pct; elegen_prov_hydro_canada_pct; elegen_prov_hydro_man_pct; elegen_prov_hydro_nb_pct; elegen_prov_hydro_nl_pct; elegen_prov_hydro_ns_pct; elegen_prov_hydro_nvt_pct; elegen_prov_hydro_nwt_pct; elegen_prov_hydro_ont_pct; elegen_prov_hydro_pei_pct; elegen_prov_hydro_que_pct; elegen_prov_hydro_sask_pct; elegen_prov_hydro_yt_pct; elegen_prov_natural_gas_alta_pct; elegen_prov_natural_gas_bc_pct; elegen_prov_natural_gas_canada_pct; elegen_prov_natural_gas_man_pct; elegen_prov_natural_gas_nb_pct; elegen_prov_natural_gas_nl_pct; elegen_prov_natural_gas_ns_pct; elegen_prov_natural_gas_nvt_pct; elegen_prov_natural_gas_nwt_pct; elegen_prov_natural_gas_ont_pct; elegen_prov_natural_gas_pei_pct; elegen_prov_natural_gas_que_pct; elegen_prov_natural_gas_sask_pct; elegen_prov_natural_gas_yt_pct; elegen_prov_nuclear_alta_pct; elegen_prov_nuclear_bc_pct; elegen_prov_nuclear_canada_pct; elegen_prov_nuclear_man_pct; elegen_prov_nuclear_nb_pct; elegen_prov_nuclear_nl_pct; elegen_prov_nuclear_ns_pct; elegen_prov_nuclear_nvt_pct; elegen_prov_nuclear_nwt_pct; elegen_prov_nuclear_ont_pct; elegen_prov_nuclear_pei_pct; elegen_prov_nuclear_que_pct; elegen_prov_nuclear_sask_pct; elegen_prov_nuclear_yt_pct; elegen_prov_other_alta_pct; elegen_prov_other_bc_pct; elegen_prov_other_canada_pct; elegen_prov_other_man_pct; elegen_prov_other_nb_pct; elegen_prov_other_nl_pct; elegen_prov_other_ns_pct; elegen_prov_other_nvt_pct; elegen_prov_other_nwt_pct; elegen_prov_other_ont_pct; elegen_prov_other_pei_pct; elegen_prov_other_que_pct; elegen_prov_other_sask_pct; elegen_prov_other_yt_pct; elegen_prov_petroleum_alta_pct; elegen_prov_petroleum_bc_pct; elegen_prov_petroleum_canada_pct; elegen_prov_petroleum_man_pct; elegen_prov_petroleum_nb_pct; elegen_prov_petroleum_nl_pct; elegen_prov_petroleum_ns_pct; elegen_prov_petroleum_nvt_pct; elegen_prov_petroleum_nwt_pct; elegen_prov_petroleum_ont_pct; elegen_prov_petroleum_pei_pct; elegen_prov_petroleum_que_pct; elegen_prov_petroleum_sask_pct; elegen_prov_petroleum_yt_pct; elegen_prov_solar_alta_pct; elegen_prov_solar_bc_pct; elegen_prov_solar_canada_pct; elegen_prov_solar_man_pct; elegen_prov_solar_nb_pct; elegen_prov_solar_nl_pct; elegen_prov_solar_ns_pct; elegen_prov_solar_nvt_pct; elegen_prov_solar_nwt_pct; elegen_prov_solar_ont_pct; elegen_prov_solar_pei_pct; elegen_prov_solar_que_pct; elegen_prov_solar_sask_pct; elegen_prov_solar_yt_pct; elegen_prov_wind_alta_pct; elegen_prov_wind_bc_pct; elegen_prov_wind_canada_pct; elegen_prov_wind_man_pct; elegen_prov_wind_nb_pct; elegen_prov_wind_nl_pct; elegen_prov_wind_ns_pct; elegen_prov_wind_nvt_pct; elegen_prov_wind_nwt_pct; elegen_prov_wind_ont_pct; elegen_prov_wind_pei_pct; elegen_prov_wind_que_pct; elegen_prov_wind_sask_pct; elegen_prov_wind_yt_pct,100.0
67,ProvincialElectricityGeneration,Provincial electricity generation by source,pipeline_partial,pipeline_partial,PASS,0,,getProvincialElectricityGenerationData,elegen_prov_biomass_alta_pct; elegen_prov_biomass_bc_pct; elegen_prov_biomass_canada_pct; elegen_prov_biomass_man_pct; elegen_prov_biomass_nb_pct; elegen_prov_biomass_nl_pct; elegen_prov_biomass_ns_pct; elegen_prov_biomass_nvt_pct; elegen_prov_biomass_nwt_pct; elegen_prov_biomass_ont_pct; elegen_prov_biomass_pei_pct; elegen_prov_biomass_que_pct; elegen_prov_biomass_sask_pct; elegen_prov_biomass_yt_pct; elegen_prov_coal_alta_pct; elegen_prov_coal_bc_pct; elegen_prov_coal_canada_pct; elegen_prov_coal_man_pct; elegen_prov_coal_nb_pct; elegen_prov_coal_nl_pct; elegen_prov_coal_ns_pct; elegen_prov_coal_nvt_pct; elegen_prov_coal_nwt_pct; elegen_prov_coal_ont_pct; elegen_prov_coal_pei_pct; elegen_prov_coal_que_pct; elegen_prov_coal_sask_pct; elegen_prov_coal_yt_pct; elegen_prov_hydro_alta_pct; elegen_prov_hydro_bc_pct; elegen_prov_hydro_canada_pct; elegen_prov_hydro_man_pct; elegen_prov_hydro_nb_pct; elegen_prov_hydro_nl_pct; elegen_prov_hydro_ns_pct; elegen_prov_hydro_nvt_pct; elegen_prov_hydro_nwt_pct; elegen_prov_hydro_ont_pct; elegen_prov_hydro_pei_pct; elegen_prov_hydro_que_pct; elegen_prov_hydro_sask_pct; elegen_prov_hydro_yt_pct; elegen_prov_natural_gas_alta_pct; elegen_prov_natural_gas_bc_pct; elegen_prov_natural_gas_canada_pct; elegen_prov_natural_gas_man_pct; elegen_prov_natural_gas_nb_pct; elegen_prov_natural_gas_nl_pct; elegen_prov_natural_gas_ns_pct; elegen_prov_natural_gas_nvt_pct; elegen_prov_natural_gas_nwt_pct; elegen_prov_natural_gas_ont_pct; elegen_prov_natural_gas_pei_pct; elegen_prov_natural_gas_que_pct; elegen_prov_natural_gas_sask_pct; elegen_prov_natural_gas_yt_pct; elegen_prov_nuclear_alta_pct; elegen_prov_nuclear_bc_pct; elegen_prov_nuclear_canada_pct; elegen_prov_nuclear_man_pct; elegen_prov_nuclear_nb_pct; elegen_prov_nuclear_nl_pct; elegen_prov_nuclear_ns_pct; elegen_prov_nuclear_nvt_pct; elegen_prov_nuclear_nwt_pct; elegen_prov_nuclear_ont_pct; elegen_prov_nuclear_pei_pct; elegen_prov_nuclear_que_pct; elegen_prov_nuclear_sask_pct; elegen_prov_nuclear_yt_pct; elegen_prov_other_alta_pct; elegen_prov_other_bc_pct; elegen_prov_other_canada_pct; elegen_prov_other_man_pct; elegen_prov_other_nb_pct; elegen_prov_other_nl_pct; elegen_prov_other_ns_pct; elegen_prov_other_nvt_pct; elegen_prov_other_nwt_pct; elegen_prov_other_ont_pct; elegen_prov_other_pei_pct; elegen_prov_other_que_pct; elegen_prov_other_sask_pct; elegen_prov_other_yt_pct; elegen_prov_petroleum_alta_pct; elegen_prov_petroleum_bc_pct; elegen_prov_petroleum_canada_pct; elegen_prov_petroleum_man_pct; elegen_prov_petroleum_nb_pct; elegen_prov_petroleum_nl_pct; elegen_prov_petroleum_ns_pct; elegen_prov_petroleum_nvt_pct; elegen_prov_petroleum_nwt_pct; elegen_prov_petroleum_ont_pct; elegen_prov_petroleum_pei_pct; elegen_prov_petroleum_que_pct; elegen_prov_petroleum_sask_pct; elegen_prov_petroleum_yt_pct; elegen_prov_solar_alta_pct; elegen_prov_solar_bc_pct; elegen_prov_solar_canada_pct; elegen_prov_solar_man_pct; elegen_prov_solar_nb_pct; elegen_prov_solar_nl_pct; elegen_prov_solar_ns_pct; elegen_prov_solar_nvt_pct; elegen_prov_solar_nwt_pct; elegen_prov_solar_ont_pct; elegen_prov_solar_pei_pct; elegen_prov_solar_que_pct; elegen_prov_solar_sask_pct; elegen_prov_solar_yt_pct; elegen_prov_wind_alta_pct; elegen_prov_wind_bc_pct; elegen_prov_wind_canada_pct; elegen_prov_wind_man_pct; elegen_prov_wind_nb_pct; elegen_prov_wind_nl_pct; elegen_prov_wind_ns_pct; elegen_prov_wind_nvt_pct; elegen_prov_wind_nwt_pct; elegen_prov_wind_ont_pct; elegen_prov_wind_pei_pct; elegen_prov_wind_que_pct; elegen_prov_wind_sask_pct; elegen_prov_wind_yt_pct,99.2
68,ElectricalEnergyUse,Electrical energy use,pipeline_present,pipeline_present,PASS,0,,getElectricalEnergyUseData,elec_eu_A; elec_eu_ALTA; elec_eu_ALTA_pct; elec_eu_ATL; elec_eu_ATL_pct; elec_eu_A_pct; elec_eu_BC_TERR; elec_eu_BC_TERR_pct; elec_eu_C; elec_eu_C_pct; elec_eu_I; elec_eu_I_pct; elec_eu_MAN; elec_eu_MAN_pct; elec_eu_ONT; elec_eu_ONT_pct; elec_eu_QUE; elec_eu_QUE_pct; elec_eu_R; elec_eu_R_pct; elec_eu_SASK; elec_eu_SASK_pct; elec_eu_T; elec_eu_T_pct; elec_eu_total,100.0
69,ElectricityPricesMap,Electricity prices,pipeline_present,pipeline_present,PASS,0,,getElectricityPricesMapData,elec_price_calgary_industrial; elec_price_calgary_residential; elec_price_charlottetown_industrial; elec_price_charlottetown_residential; elec_price_edmonton_industrial; elec_price_edmonton_residential; elec_price_halifax_industrial; elec_price_halifax_residential; elec_price_moncton_industrial; elec_price_moncton_residential; elec_price_montreal_industrial; elec_price_montreal_residential; elec_price_ottawa_industrial; elec_price_ottawa_residential; elec_price_regina_industrial; elec_price_regina_residential; elec_price_st_johns_industrial; elec_price_st_johns_residential; elec_price_toronto_industrial; elec_price_toronto_residential; elec_price_vancouver_industrial; elec_price_vancouver_residential; elec_price_winnipeg_industrial; elec_price_winnipeg_residential,100.0
70,WindSolarElectricityGrowth,"Wind and solar net electricity generation growth in Canada, – (GWh)",pipeline_present,pipeline_present,PASS,0,,getWindSolarElectricityGrowthData,ws_elec_end_year; ws_elec_hydro_pct; ws_elec_non_ghg_pct; ws_elec_nuclear_pct; ws_elec_other_renewables_pct; ws_elec_rank_canada_order; ws_elec_rank_canada_pct; ws_elec_rank_china_order; ws_elec_rank_china_pct; ws_elec_rank_india_order; ws_elec_rank_india_pct; ws_elec_rank_russia_order; ws_elec_rank_russia_pct; ws_elec_rank_usa_order; ws_elec_rank_usa_pct; ws_elec_ranking_year; ws_elec_renewable_pct_change; ws_elec_solar_gwh; ws_elec_start_year; ws_elec_wind_gwh,100.0
71,ElectricityGhgSpotlight,GHG spotlight: Electricity,pipeline_present,pipeline_present,PASS,0,,getElectricityGhgSpotlightData,elec_ghg_coal; elec_ghg_natural_gas; elec_ghg_other; elec_ghg_stat_base_year; elec_ghg_stat_coal_gen_share_pct; elec_ghg_stat_coal_ghg_share_pct; elec_ghg_stat_reference_year; elec_ghg_stat_total_pct_change; elec_ghg_total,100.0
74,RenewableElectricityCapacity,Canadian renewable electricity generating capacity,pipeline_present,pipeline_present,PASS,0,,getRenewableElectricityCapacityData,ren_cap_biomass; ren_cap_hydro; ren_cap_solar_tidal; ren_cap_wind,100.0
76,HydroelectricCapacity,Hydroelectricity capacity in Canada,pipeline_present,pipeline_present,PASS,0,,getHydroelectricCapacityData,hydro_fac_01_mw; hydro_fac_01_prov; hydro_fac_02_mw; hydro_fac_02_prov; hydro_fac_03_mw; hydro_fac_03_prov; hydro_fac_04_mw; hydro_fac_04_prov; hydro_fac_05_mw; hydro_fac_05_prov; hydro_fac_06_mw; hydro_fac_06_prov; hydro_fac_07_mw; hydro_fac_07_prov; hydro_fac_08_mw; hydro_fac_08_prov; hydro_fac_09_mw; hydro_fac_09_prov; hydro_fac_10_mw; hydro_fac_10_prov; hydro_fac_11_mw; hydro_fac_11_prov; hydro_fac_12_mw; hydro_fac_12_prov; hydro_fac_13_mw; hydro_fac_13_prov; hydro_fac_14_mw; hydro_fac_14_prov; hydro_fac_15_mw; hydro_fac_15_prov; hydro_fac_16_mw; hydro_fac_16_prov; hydro_fac_17_mw; hydro_fac_17_prov; hydro_fac_18_mw; hydro_fac_18_prov; hydro_fac_19_mw; hydro_fac_19_prov; hydro_fac_20_mw; hydro_fac_20_prov; ren_cap_hydro,100.0
78,SolidBiofuelsProduction,Canadian production of solid biofuels,pipeline_present,pipeline_present,PASS,0,,getSolidBiofuelsProductionData,sbio_prod_firewood; sbio_prod_pellets; sbio_prod_pulping; sbio_prod_swr; sbio_use_electricity; sbio_use_industrial; sbio_use_residential; sbio_use_total,100.0
79,WorldWindPower,Wind power,pipeline_present,pipeline_present,PASS,0,,getWorldWindPowerData,win_can_wind_elec_share_pct; win_world_canada_rank; win_world_canada_share_pct; win_world_total_gw,100.0
80,CanadianWindPower,Wind power in Canada,pipeline_present,pipeline_present,PASS,0,,getCanadianWindPowerData,win_pwr_cap_add_mw; win_pwr_cap_cum_gw; win_pwr_cap_cum_mw; win_pwr_gen_twh; win_pwr_stat_cap_gw; win_pwr_stat_cap_mult; win_pwr_stat_cap_ratio; win_pwr_stat_cap_year; win_pwr_stat_gen_mult; win_pwr_stat_gen_ratio; win_pwr_stat_gen_twh; win_pwr_stat_gen_year,100.0
81,WindProjectsMap,Wind_capacity_by_province,pipeline_present,pipeline_present,PASS,0,,getWindProjectsMapData,wind_cap_alta; wind_cap_bc; wind_cap_man; wind_cap_nb; wind_cap_nl; wind_cap_ns; wind_cap_nwt; wind_cap_ont; wind_cap_pei; wind_cap_que; wind_cap_sask; wind_cap_yt,100.0
82,WorldSolarPower,Solar photovoltaic,pipeline_present,pipeline_present,PASS,0,,getWorldSolarPowerData,sol_world_canada_rank; sol_world_canada_share_pct; sol_world_total_gw,100.0
84,LargestSolarProjects,Largest solar projects,pipeline_missing,pipeline_missing,PASS,0,,getLargestSolarProjectsData,,
85,UraniumInternational,Uranium,pipeline_present,pipeline_present,PASS,0,,getUraniumInternationalData,urani_exp_canada_rank; urani_exp_canada_share_pct; urani_exp_top1_country_id; urani_exp_top1_share_pct; urani_exp_top2_country_id; urani_exp_top2_share_pct; urani_exp_top3_country_id; urani_exp_top3_share_pct; urani_exp_top4_country_id; urani_exp_top4_share_pct; urani_exp_top5_country_id; urani_exp_top5_share_pct; urani_exp_total_kt; urani_prod_canada_rank; urani_prod_canada_share_pct; urani_prod_top1_country_id; urani_prod_top1_share_pct; urani_prod_top2_country_id; urani_prod_top2_share_pct; urani_prod_top3_country_id; urani_prod_top3_share_pct; urani_prod_top4_country_id; urani_prod_top4_share_pct; urani_prod_top5_country_id; urani_prod_top5_share_pct; urani_prod_total_kt; urani_res_canada_rank; urani_res_canada_share_pct; urani_res_top1_country_id; urani_res_top1_share_pct; urani_res_top2_country_id; urani_res_top2_share_pct; urani_res_top3_country_id; urani_res_top3_share_pct; urani_res_top4_country_id; urani_res_top4_share_pct; urani_res_top5_country_id; urani_res_top5_share_pct; urani_res_total_mt,100.0
86,NuclearPower,Nuclear power,static_hardcoded,static_hardcoded,PASS,0,,,,
87,CanadianUraniumSupplyDemand,Canadian supply and demand,static_hardcoded,static_hardcoded,PASS,0,,,,
89,CanduNuclearReactors,CANDU nuclear reactors,static_hardcoded,static_hardcoded,PASS,0,,,,
90,NuclearPowerPlantsUraniumPrices,Uranium \u2013 prices,static_hardcoded,static_hardcoded,PASS,0,,,,
91,BiofuelsTransportation,Biofuels and transportation,static_hardcoded,static_hardcoded,PASS,0,,,,
93,CanadianBiofuelProduction,Canadian biofuel production,static_hardcoded,static_hardcoded,PASS,0,,,,
95,TransportationFuelMix,Fuel mix of the transportation sector,static_hardcoded,static_hardcoded,PASS,0,,,,
96,EvSalesRegistrations,"Plug-in electric vehicle registrations portion of total vehicle sales, –",pipeline_present,pipeline_present,PASS,0,,getEvSalesRegistrationsData,ev_new_regs; ev_share_pct; ev_total_regs,100.0
97,TransportationGhgSpotlight,GHG spotlight: Transportation,static_hardcoded,static_hardcoded,PASS,0,,,,
98,ElectricVehicleCharging,Electric vehicle charging,static_hardcoded,static_hardcoded,PASS,0,,,,
99,PublicEvChargingStations,Types_of_EV_chargers_at_public_charging_stations_in_Canada_,static_hardcoded,static_hardcoded,PASS,0,,,,
102,HydrogenIndustry,Hydrogen industry in Canada,static_hardcoded,static_hardcoded,PASS,0,,,,
103,OilGasCoalOverview,"Oil, natural gas and coal",no_data,no_data,PASS,0,,,,
105,PetroleumEmploymentByRegion,Share of employment by region,pipeline_present,pipeline_present,PASS,0,,getPetroleumEmploymentByRegionData,pet_emp_alta_direct_pct; pet_emp_alta_indirect_pct; pet_emp_bc_direct_pct; pet_emp_bc_indirect_pct; pet_emp_direct_total; pet_emp_indirect_total; pet_emp_man_direct_pct; pet_emp_man_indirect_pct; pet_emp_maritimes_direct_pct; pet_emp_maritimes_indirect_pct; pet_emp_nl_direct_pct; pet_emp_nl_indirect_pct; pet_emp_ont_direct_pct; pet_emp_ont_indirect_pct; pet_emp_que_direct_pct; pet_emp_que_indirect_pct; pet_emp_reporting_year; pet_emp_sask_direct_pct; pet_emp_sask_indirect_pct,100.0
106,PetroleumEmployment,Petroleum employment,static_hardcoded,static_hardcoded,PASS,0,,,,
107,PetroleumGdp,PETROLEUM GDP (Billions of Canadian Dollars),static_hardcoded,static_hardcoded,PASS,0,,,,
108,CrudeOilInternational,Crude oil,static_hardcoded,static_hardcoded,PASS,0,,,,
109,WorldProvedCrudeReserves,World proved reserves,pipeline_present,pipeline_present,PASS,0,,getWorldProvedCrudeReservesData,wr_crude_res_canada_bb; wr_crude_res_canada_pct; wr_crude_res_iran_bb; wr_crude_res_iran_pct; wr_crude_res_iraq_bb; wr_crude_res_iraq_pct; wr_crude_res_oil_sands_share_pct; wr_crude_res_other_bb; wr_crude_res_other_pct; wr_crude_res_reporting_year; wr_crude_res_saudi_bb; wr_crude_res_saudi_pct; wr_crude_res_total_bb; wr_crude_res_venezuela_bb; wr_crude_res_venezuela_pct,100.0
110,CanadianCrudeReserves,Canadian resources,pipeline_present,pipeline_present,PASS,0,,getCanadianCrudeReservesData,cr_res_conventional_bb; cr_res_insitu_bb; cr_res_mining_bb; cr_res_oil_sands_bb; cr_res_reporting_year; cr_res_total_bb; wc_oil_avg_depth_m; wc_oil_total_metres; wc_oil_wells_completed,100.0
111,CanadianCrudeProduction,Canadian production,pipeline_present,pipeline_present,PASS,0,,getCanadianCrudeProductionData,cp_conventional_mmbd; cp_conventional_thousand_m3; cp_oil_sands_mmbd; cp_oil_sands_thousand_m3; cp_prov_ab_pct; cp_prov_ab_thousand_m3; cp_prov_bc_pct; cp_prov_bc_thousand_m3; cp_prov_canada_thousand_m3; cp_prov_mb_pct; cp_prov_mb_thousand_m3; cp_prov_nl_pct; cp_prov_nl_thousand_m3; cp_prov_other_pct; cp_prov_other_thousand_m3; cp_prov_sk_pct; cp_prov_sk_thousand_m3; cp_share_pct; cp_total_mmbd; cp_total_thousand_m3,100.0
112,CanadianSupplyDemand,Canadian supply and demand,static_hardcoded,static_hardcoded,PASS,0,,,,
113,OilSandsProduction,Oil sands,pipeline_present,pipeline_present,PASS,0,,getOilSandsProductionData,os_capex_capp_m; os_capex_cumulative_bn; os_capex_statcan_m; os_conventional_mmbd; os_conventional_thousand_m3; os_oil_sands_mmbd; os_oil_sands_thousand_m3; os_proved_reserves_pct; os_share_pct; os_total_mmbd; os_total_thousand_m3; os_upgrading_capacity_mmbd; os_upgrading_pct,100.0
117,CrudeOilPrices,Prices,pipeline_present,pipeline_present,PASS,0,,getCrudeOilPricesData,crude_differential; crude_usd_cad; crude_wcs_cad; crude_wcs_usd; crude_wti,100.0
119,OilByRail,Oil by rail,static_hardcoded,static_hardcoded,PASS,0,,,,
122,NaturalGasInternational,Natural gas,static_hardcoded,static_hardcoded,PASS,0,,,,
123,WorldProvedGasReserves,World proved reserves,static_hardcoded,static_hardcoded,PASS,0,,,,
126,WesternCanadaGasWellCompletions,Count and average depth of natural gas wells completed in Western Canada,static_hardcoded,static_hardcoded,PASS,0,,,,
132,OilGasGhgSpotlight,GHG spotlight: Oil and gas,pipeline_partial,pipeline_partial,PASS,0,,getOilGasGhgSpotlightData,,0.0
135,RefinedPetroleumProducts,Refined petroleum products (RPPs),no_data,no_data,PASS,0,,,,
136,RppSupplyDemand,Supply and demand* (),pipeline_present,pipeline_present,PASS,0,,getRppSupplyDemandData,rpp_asphalt_pct; rpp_coke_pct; rpp_distillate_pct; rpp_domestic_bl; rpp_domestic_mmbd; rpp_exports_bl; rpp_exports_mmbd; rpp_imports_bl; rpp_imports_mmbd; rpp_jet_pct; rpp_motor_gasoline_pct; rpp_net_prod_bl; rpp_net_prod_mmbd; rpp_other_pct; rpp_refinery_bl; rpp_refinery_mmbd; rpp_residual_pct; rpp_still_gas_pct,100.0
138,RetailGasolinePrices,Retail prices,pipeline_present,pipeline_present,PASS,0,,getRetailGasolinePricesData,kal_calgary_crude; kal_calgary_marketing; kal_calgary_price; kal_calgary_refining; kal_calgary_taxes; kal_canada_crude; kal_canada_marketing; kal_canada_price; kal_canada_refining; kal_canada_taxes; kal_halifax_crude; kal_halifax_marketing; kal_halifax_price; kal_halifax_refining; kal_halifax_taxes; kal_montreal_crude; kal_montreal_marketing; kal_montreal_price; kal_montreal_refining; kal_montreal_taxes; kal_toronto_crude; kal_toronto_marketing; kal_toronto_price; kal_toronto_refining; kal_toronto_taxes; kal_vancouver_crude; kal_vancouver_marketing; kal_vancouver_price; kal_vancouver_refining; kal_vancouver_taxes,100.0
139,RefineryCapacity,Refinery capacity,pipeline_present,pipeline_present,PASS,0,,getRefineryCapacityData,refcap_ab_asphalt_capacity; refcap_ab_asphalt_count; refcap_ab_petroleum_capacity; refcap_ab_petroleum_count; refcap_ab_total_capacity; refcap_ab_total_count; refcap_bc_petroleum_capacity; refcap_bc_petroleum_count; refcap_bc_total_capacity; refcap_bc_total_count; refcap_nb_petroleum_capacity; refcap_nb_petroleum_count; refcap_nb_total_capacity; refcap_nb_total_count; refcap_on_lubricant_capacity; refcap_on_lubricant_count; refcap_on_petroleum_capacity; refcap_on_petroleum_count; refcap_on_total_capacity; refcap_on_total_count; refcap_qc_petroleum_capacity; refcap_qc_petroleum_count; refcap_qc_total_capacity; refcap_qc_total_count; refcap_sk_asphalt_capacity; refcap_sk_asphalt_count; refcap_sk_petroleum_capacity; refcap_sk_petroleum_count; refcap_sk_total_capacity; refcap_sk_total_count; refcap_total_asphalt_capacity; refcap_total_asphalt_count; refcap_total_lubricant_capacity; refcap_total_lubricant_count; refcap_total_petroleum_capacity; refcap_total_petroleum_count; refcap_total_total_capacity; refcap_total_total_count,100.0
140,CoalInternational,Coal,static_hardcoded,static_hardcoded,PASS,0,,,,
